Date,Open,High,Low,Close,AdjClose,Volume
1/2/2015,27.8475,27.860001,26.8375,27.3325,24.71451,212818400
1/5/2015,27.0725,27.1625,26.352501,26.5625,24.018263,257142000
1/6/2015,26.635,26.8575,26.157499,26.565001,24.020523,263188400
1/7/2015,26.799999,27.049999,26.674999,26.9375,24.357338,160423600
1/8/2015,27.307501,28.0375,27.174999,27.9725,25.293213,237458000
1/9/2015,28.1675,28.3125,27.5525,28.002501,25.320337,214798000
1/12/2015,28.15,28.157499,27.200001,27.3125,24.696421,198603200
1/13/2015,27.8575,28.200001,27.227501,27.555,24.915699,268367600
1/14/2015,27.26,27.622499,27.125,27.450001,24.820753,195826400
1/15/2015,27.5,27.514999,26.665001,26.705,24.147112,240056000
1/16/2015,26.7575,26.895,26.299999,26.497499,23.959486,314053200
1/20/2015,26.959999,27.2425,26.625,27.18,24.576618,199599600
1/21/2015,27.237499,27.764999,27.067499,27.387501,24.764242,194303600
1/22/2015,27.565001,28.1175,27.43,28.1,25.408493,215185600
1/23/2015,28.075001,28.4375,27.8825,28.245001,25.539604,185859200
1/26/2015,28.434999,28.59,28.200001,28.275,25.566738,222460000
1/27/2015,28.105,28.120001,27.2575,27.285,24.671555,382274800
1/28/2015,29.407499,29.530001,28.827499,28.827499,26.066311,585908400
1/29/2015,29.08,29.797501,28.889999,29.725,26.877851,337745600
1/30/2015,29.6,30,29.2125,29.290001,26.484514,334982000
2/2/2015,29.512501,29.7925,29.02,29.657499,26.816814,250956400
2/3/2015,29.625,29.772499,29.4025,29.6625,26.821333,207662800
2/4/2015,29.625,30.127501,29.577499,29.889999,27.02704,280598800
2/5/2015,30.004999,30.057501,29.8125,29.985001,27.219944,168984800
2/6/2015,30.004999,30.0625,29.612499,29.7325,26.990734,174826400
2/9/2015,29.637501,29.959999,29.6075,29.93,27.170021,155559200
2/10/2015,30.0425,30.5375,30.040001,30.504999,27.691998,248034000
2/11/2015,30.692499,31.23,30.625,31.219999,28.341064,294247200
2/12/2015,31.514999,31.870001,31.3925,31.615,28.69964,297898000
2/13/2015,31.82,31.82,31.4125,31.77,28.840347,217088800
2/17/2015,31.872499,32.220001,31.73,31.9575,29.010553,252609600
2/18/2015,31.907499,32.195,31.862499,32.18,29.212536,179566800
2/19/2015,32.119999,32.2575,32.0825,32.112499,29.151266,149449600
2/20/2015,32.154999,32.375,32.012501,32.375,29.389555,195793600
2/23/2015,32.505001,33.25,32.415001,33.25,30.18387,283896400
2/24/2015,33.235001,33.400002,32.7925,33.0425,29.995506,276912400
2/25/2015,32.889999,32.900002,32.037498,32.197498,29.22842,298846800
2/26/2015,32.197498,32.717499,31.6525,32.605,29.598347,365150000
2/27/2015,32.5,32.642502,32.060001,32.115002,29.153534,248059200
3/2/2015,32.3125,32.57,32.075001,32.272499,29.296509,192386800
3/3/2015,32.240002,32.380001,32.022499,32.34,29.357788,151265200
3/4/2015,32.275002,32.389999,32.080002,32.134998,29.171682,126665200
3/5/2015,32.145,32.1875,31.440001,31.602501,28.688293,226068400
3/6/2015,32.099998,32.342499,31.565001,31.65,28.731409,291368400
3/9/2015,31.99,32.392502,31.264999,31.785,28.85396,354114000
3/10/2015,31.602501,31.805,30.950001,31.127501,28.257086,275426400
3/11/2015,31.1875,31.192499,30.5275,30.559999,27.741926,275756000
3/12/2015,30.577499,31.225,30.407499,31.112499,28.243479,193450800
3/13/2015,31.1,31.35,30.645,30.897499,28.048304,207309200
3/16/2015,30.969999,31.237499,30.717501,31.237499,28.356951,143497200
3/17/2015,31.475,31.83,31.4125,31.76,28.831266,204092400
3/18/2015,31.75,32.290001,31.592501,32.1175,29.1558,261083600
3/19/2015,32.1875,32.3125,31.85,31.875,28.935661,183238000
3/20/2015,32.0625,32.099998,31.290001,31.475,28.572548,274780400
3/23/2015,31.780001,31.9625,31.629999,31.8025,28.869852,150838800
3/24/2015,31.807501,32.009998,31.639999,31.672501,28.751835,131369200
3/25/2015,31.635,31.705,30.844999,30.844999,28.000639,206620800
3/26/2015,30.690001,31.219999,30.65,31.059999,28.195814,190291600
3/27/2015,31.1425,31.174999,30.727501,30.8125,27.97114,158184800
3/30/2015,31.012501,31.6,31,31.592501,28.679213,188398800
3/31/2015,31.522499,31.622499,31.09,31.1075,28.238945,168362400
4/1/2015,31.205,31.280001,30.775,31.0625,28.198088,162485600
4/2/2015,31.2575,31.389999,31.047501,31.33,28.440918,128880400
4/6/2015,31.1175,31.877501,31.0825,31.8375,28.901625,148776000
4/7/2015,31.91,32.029999,31.495001,31.502501,28.597509,140049200
4/8/2015,31.4625,31.6,31.2425,31.4,28.504463,149316800
4/9/2015,31.4625,31.645,31.165001,31.639999,28.722334,129936000
4/10/2015,31.487499,31.8025,31.315001,31.775,28.844891,160752000
4/13/2015,32.092499,32.142502,31.6525,31.7125,28.788149,145460400
4/14/2015,31.75,31.8225,31.477501,31.575001,28.663328,102098400
4/15/2015,31.602501,31.782499,31.502501,31.695,28.772259,115881600
4/16/2015,31.57,31.775,31.5275,31.5425,28.633823,113476000
4/17/2015,31.387501,31.535,31.115,31.1875,28.311565,207828000
4/20/2015,31.3925,32.029999,31.2925,31.9,28.958357,188217200
4/21/2015,32.025002,32.049999,31.6675,31.727501,28.801765,129740400
4/22/2015,31.747499,32.217499,31.58,32.154999,29.189842,150618000
4/23/2015,32.075001,32.605,32.035,32.4175,29.428137,183083600
4/24/2015,32.622501,32.657501,32.307499,32.57,29.56657,178103600
4/27/2015,33.077499,33.282501,32.787498,33.162498,30.104433,387816800
4/28/2015,33.615002,33.634998,32.392502,32.639999,29.630119,475696000
4/29/2015,32.540001,32.897499,32.075001,32.16,29.194382,253544400
4/30/2015,32.16,32.16,31.145,31.2875,28.402336,332781600
5/1/2015,31.525,32.532501,31.325001,32.237499,29.264729,234050400
5/4/2015,32.375,32.642502,32.064999,32.174999,29.208,203953200
5/5/2015,32.037498,32.112499,31.445,31.450001,28.549854,197085600
5/6/2015,31.639999,31.6875,30.84,31.252501,28.370564,288564000
5/7/2015,31.192499,31.52,31.004999,31.315001,28.546043,175763600
5/8/2015,31.67,31.905001,31.5275,31.905001,29.083876,222201600
5/11/2015,31.8475,31.889999,31.407499,31.58,28.787615,168143200
5/12/2015,31.4,31.719999,31.205,31.467501,28.685057,192640000
5/13/2015,31.5375,31.797501,31.467501,31.502501,28.716963,138776800
5/14/2015,31.852501,32.237499,31.790001,32.237499,29.386972,180814000
5/15/2015,32.267502,32.372501,32.052502,32.192501,29.345959,152832000
5/18/2015,32.095001,32.68,32.09,32.547501,29.669563,203531600
5/19/2015,32.672501,32.720001,32.41,32.517502,29.642221,178532800
5/20/2015,32.5,32.744999,32.334999,32.514999,29.639935,145819600
5/21/2015,32.517502,32.907501,32.4575,32.8475,29.943031,158921600
5/22/2015,32.900002,33.2425,32.849998,33.134998,30.205114,182384000
5/26/2015,33.150002,33.227501,32.279999,32.404999,29.539665,282790400
5/27/2015,32.584999,33.064999,32.512501,33.009998,30.091177,183332800
5/28/2015,32.965,32.987499,32.775002,32.945,30.031919,122933200
5/29/2015,32.807499,32.862499,32.474998,32.57,29.690079,203538000
6/1/2015,32.57,32.8475,32.512501,32.634998,29.749323,128451200
6/2/2015,32.465,32.665001,32.330002,32.490002,29.617149,134670400
6/3/2015,32.665001,32.735001,32.474998,32.529999,29.653605,123934000
6/4/2015,32.395,32.645,32.227501,32.34,29.480413,153800400
6/5/2015,32.375,32.422501,32.09,32.162498,29.318611,142507200
6/8/2015,32.224998,32.302502,31.7075,31.950001,29.124899,210699200
6/9/2015,31.674999,32.02,31.405001,31.855,29.03829,224301600
6/10/2015,31.98,32.334999,31.9625,32.220001,29.371027,156349200
6/11/2015,32.294998,32.544998,32.119999,32.147499,29.304932,141563600
6/12/2015,32.047501,32.0825,31.7775,31.7925,28.981323,147544800
6/15/2015,31.525,31.809999,31.4275,31.73,28.924349,175955600
6/16/2015,31.7575,31.9625,31.592501,31.9,29.079313,125976400
6/17/2015,31.93,31.969999,31.684999,31.825001,29.010952,131672400
6/18/2015,31.807501,32.077499,31.805,31.969999,29.143129,141628800
6/19/2015,31.9275,31.955,31.6,31.65,28.851418,218867600
6/22/2015,31.872499,32.014999,31.77,31.9025,29.0816,136157200
6/23/2015,31.870001,31.9025,31.719999,31.7575,28.949415,121075600
6/24/2015,31.8025,32.450001,31.780001,32.0275,29.195543,221123600
6/25/2015,32.215,32.299999,31.875,31.875,29.056528,127752400
6/26/2015,31.9175,31.997499,31.627501,31.6875,28.885611,176267200
6/29/2015,31.365,31.6175,31.120001,31.1325,28.379679,196645600
6/30/2015,31.3925,31.530001,31.215,31.3575,28.584785,177482800
7/1/2015,31.725,31.735001,31.497499,31.65,28.851418,120955200
7/2/2015,31.6075,31.672501,31.442499,31.610001,28.81496,108844000
7/6/2015,31.235001,31.557501,31.2125,31.5,28.714689,112241600
7/7/2015,31.4725,31.5375,30.942499,31.422501,28.644043,187787200
7/8/2015,31.120001,31.16,30.635,30.6425,27.933008,243046400
7/9/2015,30.9625,31.014999,29.805,30.0175,27.36327,314380000
7/10/2015,30.485001,30.9625,30.3025,30.82,28.094814,245418000
7/13/2015,31.2575,31.440001,31.08,31.415001,28.637203,165762000
7/14/2015,31.51,31.592501,31.26,31.4025,28.625811,127072400
7/15/2015,31.43,31.7875,31.395,31.705,28.901564,134596800
7/16/2015,31.934999,32.142502,31.8375,32.127499,29.286699,144889600
7/17/2015,32.27,32.404999,32.077499,32.404999,29.539665,184658800
7/20/2015,32.7425,33.2425,32.674999,33.017502,30.098013,235600800
7/21/2015,33.212502,33.23,32.580002,32.6875,29.797188,307025600
7/22/2015,30.497499,31.375,30.497499,31.305,28.536932,461802400
7/23/2015,31.549999,31.772499,31.264999,31.290001,28.523254,203998000
7/24/2015,31.33,31.434999,30.975,31.125,28.372843,168649200
7/27/2015,30.772499,30.9025,30.530001,30.692499,27.97859,177822000
7/28/2015,30.844999,30.977501,30.637501,30.844999,28.117601,134472400
7/29/2015,30.7875,30.875,30.567499,30.747499,28.028721,148046800
7/30/2015,30.58,30.6425,30.4275,30.592501,27.887434,134513200
7/31/2015,30.65,30.66,30.227501,30.325001,27.643585,171540000
8/3/2015,30.375,30.6425,29.379999,29.610001,26.991802,279904000
8/4/2015,29.355,29.424999,28.3125,28.66,26.125809,496554400
8/5/2015,28.237499,29.360001,28.025,28.85,26.299011,397250400
8/6/2015,28.9925,29.125,28.530001,28.782499,26.356237,211612000
8/7/2015,28.645,29.0625,28.625,28.879999,26.445518,154681600
8/10/2015,29.1325,29.997499,29.1325,29.93,27.407013,219806400
8/11/2015,29.452499,29.545,28.3325,28.372499,25.980801,388331200
8/12/2015,28.1325,28.855,27.407499,28.809999,26.381416,404870000
8/13/2015,29.01,29.1,28.635,28.7875,26.360815,194143200
8/14/2015,28.58,29.077499,28.502501,28.99,26.546246,171718000
8/17/2015,29.01,29.4125,28.875,29.290001,26.820957,163538800
8/18/2015,29.1075,29.360001,29.002501,29.125,26.669868,138242800
8/19/2015,29.025,29.129999,28.67,28.752501,26.328764,193146000
8/20/2015,28.52,28.5875,27.907499,28.1625,25.788504,274006400
8/21/2015,27.6075,27.975,26.4125,26.440001,24.211199,513102000
8/24/2015,23.717501,27.200001,23,25.780001,23.60684,648825200
8/25/2015,27.7775,27.7775,25.875,25.934999,23.748774,414406400
8/26/2015,26.772499,27.4725,26.262501,27.422501,25.110888,387098400
8/27/2015,28.057501,28.309999,27.504999,28.23,25.850309,338464400
8/28/2015,28.0425,28.327499,27.885,28.3225,25.935013,212657600
8/31/2015,28.0075,28.6325,28,28.190001,25.813683,224917200
9/1/2015,27.5375,27.969999,26.84,26.93,24.659901,307383600
9/2/2015,27.557501,28.084999,27.282499,28.084999,25.717533,247555200
9/3/2015,28.122499,28.195,27.51,27.592501,25.266552,212935600
9/4/2015,27.2425,27.612499,27.127501,27.317499,25.014734,199985200
9/8/2015,27.9375,28.139999,27.58,28.077499,25.710667,219374400
9/9/2015,28.440001,28.504999,27.442499,27.5375,25.216188,340043200
9/10/2015,27.567499,28.32,27.475,28.1425,25.770187,251571200
9/11/2015,27.9475,28.5525,27.940001,28.5525,26.145626,199662000
9/14/2015,29.145,29.2225,28.715,28.827499,26.397446,233453600
9/15/2015,28.9825,29.1325,28.605,29.07,26.619503,173364800
9/16/2015,29.0625,29.135,28.860001,29.102501,26.649265,148694000
9/17/2015,28.915001,29.122499,28.43,28.48,26.079243,256450400
9/18/2015,28.0525,28.575001,27.967501,28.362499,25.971643,297141200
9/21/2015,28.4175,28.842501,28.415001,28.8025,26.374554,200888000
9/22/2015,28.344999,28.545,28.129999,28.35,25.960196,201384800
9/23/2015,28.407499,28.68,28.325001,28.58,26.170805,143026800
9/24/2015,28.3125,28.875,28.092501,28.75,26.326477,200878000
9/25/2015,29.110001,29.172501,28.504999,28.6775,26.260092,224607600
9/28/2015,28.4625,28.6425,28.110001,28.110001,25.740427,208436000
9/29/2015,28.2075,28.377501,26.965,27.264999,24.966654,293461600
9/30/2015,27.5425,27.885,27.182501,27.575001,25.250526,265892000
10/1/2015,27.2675,27.405001,26.827499,27.395,25.085701,255716400
10/2/2015,27.002501,27.752501,26.887501,27.594999,25.268839,232079200
10/5/2015,27.469999,27.842501,27.2675,27.695,25.360415,208258800
10/6/2015,27.657499,27.934999,27.442499,27.827499,25.481739,192787200
10/7/2015,27.934999,27.942499,27.352501,27.695,25.360415,187062400
10/8/2015,27.547501,27.547501,27.0525,27.375,25.067385,247918400
10/9/2015,27.5,28.07,27.372499,28.030001,25.667171,211064400
10/12/2015,28.182501,28.1875,27.860001,27.9,25.548134,121868800
10/13/2015,27.705,28.112499,27.67,27.9475,25.591629,132197200
10/14/2015,27.8225,27.879999,27.389999,27.5525,25.229923,177849600
10/15/2015,27.7325,28.025,27.622499,27.965,25.607651,150694000
10/16/2015,27.945,28,27.6325,27.76,25.419924,156930400
10/19/2015,27.700001,27.9375,27.5275,27.932501,25.57789,119036800
10/20/2015,27.834999,28.5425,27.705,28.442499,26.044897,195871200
10/21/2015,28.5,28.895,28.424999,28.440001,26.04261,167180800
10/22/2015,28.5825,28.875,28.525,28.875,26.440943,166616400
10/23/2015,29.174999,29.807501,29.0825,29.77,27.260498,237467600
10/26/2015,29.52,29.532499,28.73,28.82,26.390577,265335200
10/27/2015,28.85,29.135,28.497499,28.637501,26.223463,279537600
10/28/2015,29.2325,29.825001,29.014999,29.817499,27.303991,342205600
10/29/2015,29.674999,30.172501,29.567499,30.1325,27.592436,204909200
10/30/2015,30.247499,30.305,29.862499,29.875,27.356646,197461200
11/2/2015,30.200001,30.34,29.9025,30.295,27.741241,128813200
11/3/2015,30.1975,30.872499,30.174999,30.6425,28.059448,182076000
11/4/2015,30.782499,30.955,30.405001,30.5,27.928959,179544400
11/5/2015,30.4625,30.672501,30.045,30.23,27.800209,158210800
11/6/2015,30.2775,30.452499,30.155001,30.264999,27.832397,132169200
11/9/2015,30.24,30.452499,30.012501,30.1425,27.719746,135485600
11/10/2015,29.225,29.5175,29.014999,29.192499,26.846104,236511600
11/11/2015,29.092501,29.355,28.8025,29.0275,26.694366,180872000
11/12/2015,29.065001,29.205,28.9125,28.93,26.6047,130102400
11/13/2015,28.799999,28.8925,28.067499,28.084999,25.82762,183249600
11/16/2015,27.844999,28.559999,27.75,28.545,26.250643,152426800
11/17/2015,28.73,28.762501,28.33,28.422501,26.137993,110467600
11/18/2015,28.940001,29.372499,28.875,29.3225,26.965656,186698800
11/19/2015,29.41,29.9375,29.190001,29.695,27.308216,173183200
11/20/2015,29.799999,29.98,29.7125,29.825001,27.427763,137148400
11/23/2015,29.817499,29.932501,29.334999,29.4375,27.071411,129930000
11/24/2015,29.3325,29.8375,29.280001,29.719999,27.331203,171212800
11/25/2015,29.8025,29.807501,29.48,29.5075,27.135788,85553200
11/27/2015,29.5725,29.602501,29.4,29.452499,27.085205,52185600
11/30/2015,29.497499,29.852501,29.4375,29.575001,27.197857,156721200
12/1/2015,29.6875,29.702499,29.215,29.334999,26.977156,139409600
12/2/2015,29.334999,29.5275,29.02,29.07,26.733448,133546400
12/3/2015,29.137501,29.1975,28.555,28.799999,26.485151,166278000
12/4/2015,28.8225,29.8125,28.7775,29.7575,27.365685,231108000
12/7/2015,29.745001,29.965,29.452499,29.57,27.19326,128336800
12/8/2015,29.379999,29.65,29.215,29.557501,27.181767,137238000
12/9/2015,29.41,29.422501,28.77,28.905001,26.581713,185445600
12/10/2015,29.01,29.235001,28.877501,29.0425,26.708158,116850800
12/11/2015,28.797501,28.8475,28.2125,28.295,26.020741,187544800
12/14/2015,28.045,28.17,27.4475,28.120001,25.859806,257274800
12/15/2015,27.985001,28.200001,27.5875,27.622499,25.402294,213292400
12/16/2015,27.7675,27.997499,27.200001,27.834999,25.597712,224954000
12/17/2015,28.004999,28.0625,27.245001,27.245001,25.055134,179091200
12/18/2015,27.227501,27.379999,26.452499,26.5075,24.376911,385813200
12/21/2015,26.82,26.842501,26.3925,26.8325,24.675795,190362400
12/22/2015,26.85,26.93,26.612499,26.807501,24.652802,131157600
12/23/2015,26.817499,27.2125,26.799999,27.1525,24.97007,130629600
12/24/2015,27.25,27.25,26.987499,27.0075,24.836725,54281600
12/28/2015,26.897499,26.922501,26.545,26.705,24.55854,106816800
12/29/2015,26.74,27.3575,26.715,27.184999,24.99996,123724800
12/30/2015,27.145,27.174999,26.795,26.83,24.673492,100855200
12/31/2015,26.752501,26.7575,26.205,26.315001,24.199883,163649200
1/4/2016,25.6525,26.342501,25.5,26.3375,24.220587,270597600
1/5/2016,26.4375,26.4625,25.602501,25.6775,23.61363,223164000
1/6/2016,25.139999,25.592501,24.967501,25.174999,23.151516,273829600
1/7/2016,24.67,25.032499,24.1075,24.112499,22.174416,324377600
1/8/2016,24.637501,24.7775,24.190001,24.24,22.291668,283192000
1/11/2016,24.7425,24.764999,24.334999,24.6325,22.652622,198957600
1/12/2016,25.137501,25.172501,24.709999,24.99,22.981382,196616800
1/13/2016,25.08,25.297501,24.325001,24.3475,22.39053,249758400
1/14/2016,24.49,25.120001,23.934999,24.879999,22.880226,252680400
1/15/2016,24.049999,24.4275,23.84,24.282499,22.330751,319335600
1/19/2016,24.602501,24.6625,23.875,24.165001,22.2227,212350800
1/20/2016,23.775,24.547501,23.355,24.1975,22.252583,289337600
1/21/2016,24.264999,24.469999,23.735001,24.075001,22.139933,208646000
1/22/2016,24.657499,25.365,24.592501,25.355,23.317047,263202000
1/25/2016,25.379999,25.3825,24.8025,24.860001,22.861832,207178000
1/26/2016,24.9825,25.219999,24.5175,24.997499,22.988283,300308000
1/27/2016,24.01,24.157499,23.334999,23.355,21.477802,533478800
1/28/2016,23.4475,23.629999,23.0975,23.522499,21.631842,222715200
1/29/2016,23.6975,24.334999,23.5875,24.334999,22.379028,257666000
2/1/2016,24.1175,24.1775,23.85,24.1075,22.169817,163774000
2/2/2016,23.855,24.01,23.57,23.620001,21.721506,149428800
2/3/2016,23.75,24.209999,23.52,24.0875,22.151426,183857200
2/4/2016,23.965,24.3325,23.797501,24.15,22.329414,185886800
2/5/2016,24.129999,24.23,23.422501,23.504999,21.733036,185672400
2/8/2016,23.282499,23.924999,23.26,23.752501,21.961878,216085600
2/9/2016,23.5725,23.985001,23.4825,23.747499,21.957256,177324800
2/10/2016,23.98,24.0875,23.525,23.567499,21.790825,169374400
2/11/2016,23.4475,23.68,23.147499,23.424999,21.659069,200298800
2/12/2016,23.547501,23.625,23.252501,23.497499,21.726103,161405600
2/16/2016,23.754999,24.2125,23.6525,24.16,22.338661,196231600
2/17/2016,24.1675,24.5525,24.0375,24.530001,22.680765,179452800
2/18/2016,24.709999,24.7225,24.022499,24.065001,22.250822,156084000
2/19/2016,24,24.190001,23.950001,24.01,22.199968,141496800
2/22/2016,24.077499,24.225,23.98,24.219999,22.394135,137123200
2/23/2016,24.1,24.125,23.637501,23.672501,21.887911,127770400
2/24/2016,23.495001,24.094999,23.33,24.025,22.213839,145022800
2/25/2016,24.012501,24.190001,23.8125,24.190001,22.366398,110330800
2/26/2016,24.299999,24.504999,24.145,24.227501,22.40107,115964400
2/29/2016,24.215,24.557501,24.1625,24.172501,22.35022,140865200
3/1/2016,24.4125,25.192499,24.355,25.1325,23.237843,201628400
3/2/2016,25.127501,25.2225,24.91,25.1875,23.288698,132678400
3/3/2016,25.145,25.4275,25.112499,25.375,23.462067,147822800
3/4/2016,25.592501,25.9375,25.342501,25.752501,23.811108,184220400
3/7/2016,25.5975,25.7075,25.24,25.467501,23.54759,143315600
3/8/2016,25.195,25.440001,25.1,25.2575,23.353424,126247600
3/9/2016,25.327499,25.395,25.067499,25.280001,23.374229,108806800
3/10/2016,25.352501,25.559999,25.0375,25.2925,23.385782,134054400
3/11/2016,25.559999,25.57,25.375,25.565001,23.637741,109632800
3/14/2016,25.477501,25.727501,25.445,25.629999,23.69784,100304400
3/15/2016,25.99,26.295,25.9625,26.145,24.174021,160270800
3/16/2016,26.1525,26.577499,26.147499,26.4925,24.495321,153214000
3/17/2016,26.379999,26.6175,26.24,26.450001,24.456024,137682800
3/18/2016,26.584999,26.625,26.297501,26.48,24.483761,176820800
3/21/2016,26.4825,26.9125,26.285,26.477501,24.481451,142010800
3/22/2016,26.3125,26.8225,26.3025,26.68,24.668686,129777600
3/23/2016,26.620001,26.7675,26.475,26.532499,24.532307,102814000
3/24/2016,26.3675,26.5625,26.2225,26.4175,24.425974,104532000
3/28/2016,26.5,26.547501,26.264999,26.297501,24.315023,77645600
3/29/2016,26.2225,26.9475,26.219999,26.92,24.890598,124760400
3/30/2016,27.1625,27.605,27.15,27.389999,25.325159,182404400
3/31/2016,27.43,27.475,27.219999,27.247499,25.193401,103553600
4/1/2016,27.195,27.5,27.049999,27.497499,25.424555,103496000
4/4/2016,27.605,28.047501,27.567499,27.780001,25.685759,149424800
4/5/2016,27.377501,27.682501,27.355,27.452499,25.382942,106314800
4/6/2016,27.557501,27.745001,27.299999,27.74,25.648769,105616400
4/7/2016,27.487499,27.605,27.030001,27.135,25.089386,127207600
4/8/2016,27.227501,27.442499,27.0425,27.165001,25.117125,94326800
4/11/2016,27.2425,27.6525,27.2075,27.254999,25.200335,117630000
4/12/2016,27.334999,27.625,27.165001,27.610001,25.528584,108929200
4/13/2016,27.700001,28.084999,27.700001,28.01,25.898418,133029200
4/14/2016,27.905001,28.0975,27.8325,28.025,25.912287,101895600
4/15/2016,28.0275,28.075001,27.432501,27.4625,25.392197,187756000
4/18/2016,27.2225,27.237499,26.735001,26.870001,24.844358,243286000
4/19/2016,26.969999,27,26.557501,26.727501,24.712605,129539600
4/20/2016,26.66,27.022499,26.514999,26.782499,24.76346,122444000
4/21/2016,26.7325,26.7325,26.379999,26.4925,24.495321,126210000
4/22/2016,26.252501,26.620001,26.155001,26.42,24.428289,134732400
4/25/2016,26.25,26.4125,26.127501,26.27,24.289597,112126400
4/26/2016,25.977501,26.325001,25.977501,26.0875,24.12085,224064800
4/27/2016,24,24.6775,23.92,24.455,22.61142,458408400
4/28/2016,24.4025,24.469999,23.5625,23.7075,21.920275,328970800
4/29/2016,23.497499,23.68,23.127501,23.434999,21.668312,274126000
5/2/2016,23.4925,23.52,23.1,23.41,21.645201,192640400
5/3/2016,23.549999,23.934999,23.42,23.795,22.001177,227325200
5/4/2016,23.799999,23.975,23.455,23.547501,21.772337,164102000
5/5/2016,23.5,23.5175,23.17,23.309999,21.683962,143562000
5/6/2016,23.342501,23.362499,22.9625,23.18,21.563028,174799600
5/9/2016,23.25,23.442499,23.147499,23.1975,21.579309,131745600
5/10/2016,23.3325,23.3925,23.0275,23.355,21.725824,134747200
5/11/2016,23.370001,23.3925,23.115,23.127501,21.514191,114876400
5/12/2016,23.18,23.195,22.3675,22.584999,21.009529,305258800
5/13/2016,22.5,22.9175,22.5,22.629999,21.051394,177571200
5/16/2016,23.0975,23.5975,22.9125,23.469999,21.832798,245039200
5/17/2016,23.637501,23.674999,23.252501,23.372499,21.742102,187667600
5/18/2016,23.540001,23.8025,23.4725,23.639999,21.990936,168249600
5/19/2016,23.66,23.66,23.3925,23.549999,21.907223,121768400
5/20/2016,23.66,23.8575,23.629999,23.805,22.144428,128104000
5/23/2016,23.967501,24.297501,23.9175,24.1075,22.425829,152074400
5/24/2016,24.305,24.522499,24.209999,24.475,22.767691,140560800
5/25/2016,24.6675,24.934999,24.5275,24.905001,23.167696,152675200
5/26/2016,24.92,25.182501,24.66,25.102501,23.351425,225324800
5/27/2016,24.860001,25.1175,24.8125,25.0875,23.337463,145364800
5/31/2016,24.9,25.1,24.705,24.965,23.223511,169228800
6/1/2016,24.754999,24.885,24.5825,24.615,22.897926,116693200
6/2/2016,24.4,24.459999,24.157499,24.43,22.725832,160766400
6/3/2016,24.4475,24.567499,24.362499,24.48,22.772343,114019600
6/6/2016,24.497499,25.4725,24.387501,24.657499,22.937462,93170000
6/7/2016,24.8125,24.967501,24.74,24.7575,23.030485,89638000
6/8/2016,24.754999,24.889999,24.67,24.735001,23.009556,83392400
6/9/2016,24.625,24.997499,24.615,24.9125,23.174677,106405600
6/10/2016,24.6325,24.8375,24.620001,24.7075,22.983974,126851600
6/13/2016,24.672501,24.780001,24.275,24.334999,22.637459,152082000
6/14/2016,24.33,24.620001,24.1875,24.365,22.665367,127727600
6/15/2016,24.455,24.602501,24.2575,24.285,22.590946,117780800
6/16/2016,24.112499,24.4375,24.0175,24.387501,22.686298,125307200
6/17/2016,24.155001,24.1625,23.825001,23.8325,22.170012,244032800
6/20/2016,24,24.1425,23.7575,23.775,22.116526,137647600
6/21/2016,23.735001,24.0875,23.67,23.977501,22.304897,142185600
6/22/2016,24.0625,24.2225,23.8375,23.887501,22.221176,116876400
6/23/2016,23.985001,24.0725,23.8125,24.025,22.349085,128960800
6/24/2016,23.227501,23.665001,23.1625,23.35,21.721169,301245600
6/27/2016,23.25,23.262501,22.875,23.01,21.404886,181958400
6/28/2016,23.225,23.415001,23.035,23.397499,21.765358,161779600
6/29/2016,23.4925,23.637501,23.407499,23.6,21.953733,146124000
6/30/2016,23.610001,23.942499,23.575001,23.9,22.232805,143345600
7/1/2016,23.872499,24.1175,23.8325,23.9725,22.300245,104106000
7/5/2016,23.8475,23.85,23.615,23.747499,22.090939,110820800
7/6/2016,23.65,23.915001,23.592501,23.8825,22.216528,123796400
7/7/2016,23.924999,24.125,23.905001,23.985001,22.311874,100558400
7/8/2016,24.122499,24.2225,24.012501,24.17,22.483967,115648400
7/11/2016,24.1875,24.4125,24.182501,24.245001,22.553736,95179600
7/12/2016,24.2925,24.424999,24.280001,24.355,22.656065,96670000
7/13/2016,24.352501,24.4175,24.209999,24.217501,22.528156,103568800
7/14/2016,24.3475,24.747499,24.33,24.6975,22.974672,155676000
7/15/2016,24.73,24.825001,24.625,24.695,22.972351,120548000
7/18/2016,24.674999,25.032499,24.65,24.9575,23.216532,145975600
7/19/2016,24.889999,25,24.834999,24.967501,23.225836,95119600
7/20/2016,25,25.115,24.934999,24.99,23.246767,105104000
7/21/2016,24.9575,25.25,24.782499,24.8575,23.12351,130808000
7/22/2016,24.815001,24.825001,24.577499,24.665001,22.944439,113254800
7/25/2016,24.5625,24.709999,24.23,24.334999,22.637459,161531600
7/26/2016,24.205,24.4925,24.105,24.1675,22.481644,224959200
7/27/2016,26.067499,26.0875,25.6875,25.737499,23.94212,369379200
7/28/2016,25.7075,26.112499,25.705,26.084999,24.265383,159479200
7/29/2016,26.047501,26.137501,25.92,26.0525,24.235149,110934800
8/1/2016,26.102501,26.5375,26.102501,26.512501,24.663061,152671600
8/2/2016,26.512501,26.5175,26,26.120001,24.297941,135266400
8/3/2016,26.202499,26.459999,26.192499,26.4475,24.6026,120810400
8/4/2016,26.395,26.5,26.32,26.467501,24.75458,109634800
8/5/2016,26.567499,26.9125,26.545,26.870001,25.131033,162213600
8/8/2016,26.879999,27.092501,26.790001,27.092501,25.339136,112148800
8/9/2016,27.057501,27.235001,27.002501,27.202499,25.442013,105260800
8/10/2016,27.1775,27.225,26.940001,27,25.252613,96034000
8/11/2016,27.129999,27.2325,26.9625,26.9825,25.236252,109938000
8/12/2016,26.945,27.110001,26.945,27.045,25.294708,74641600
8/15/2016,27.035,27.385,27.02,27.370001,25.598669,103472800
8/16/2016,27.407499,27.557501,27.3025,27.344999,25.575289,135177600
8/17/2016,27.275,27.342501,27.084999,27.305,25.537872,101424000
8/18/2016,27.307501,27.4,27.254999,27.27,25.505142,87938800
8/19/2016,27.192499,27.422501,27.09,27.34,25.570614,101472400
8/22/2016,27.215,27.275,26.9625,27.127501,25.37187,103280800
8/23/2016,27.147499,27.33,27.1325,27.2125,25.451366,85030800
8/24/2016,27.1425,27.1875,26.92,27.0075,25.259636,94700400
8/25/2016,26.8475,26.969999,26.67,26.8925,25.152077,100344800
8/26/2016,26.852501,26.987499,26.577499,26.735001,25.004772,111065200
8/29/2016,26.655001,26.860001,26.5725,26.705,24.976707,99881200
8/30/2016,26.450001,26.625,26.375,26.5,24.784975,99455600
8/31/2016,26.415001,26.6425,26.41,26.525,24.808357,118649600
9/1/2016,26.535,26.700001,26.405001,26.682501,24.955667,106806000
9/2/2016,26.924999,27,26.705,26.932501,25.189486,107210000
9/6/2016,26.975,27.075001,26.877501,26.924999,25.182468,107521600
9/7/2016,26.9575,27.190001,26.7675,27.09,25.336796,169457200
9/8/2016,26.8125,26.817499,26.309999,26.379999,24.672745,212008000
9/9/2016,26.16,26.43,25.782499,25.782499,24.113913,186228000
9/12/2016,25.6625,26.43,25.6325,26.360001,24.654041,181171200
9/13/2016,26.877501,27.1975,26.809999,26.987499,25.240927,248704800
9/14/2016,27.182501,28.2575,27.15,27.942499,26.134121,443554800
9/15/2016,28.465,28.932501,28.372499,28.8925,27.022644,359934400
9/16/2016,28.780001,29.032499,28.51,28.73,26.870659,319547600
9/19/2016,28.797501,29.045,28.3125,28.395,26.557339,188092000
9/20/2016,28.262501,28.530001,28.127501,28.3925,26.554998,138057200
9/21/2016,28.4625,28.497499,28.110001,28.387501,26.550323,144012800
9/22/2016,28.5875,28.735001,28.5,28.655001,26.800508,124296000
9/23/2016,28.605,28.6975,27.887501,28.1775,26.353912,209924800
9/26/2016,27.91,28.3475,27.887501,28.219999,26.39366,119477600
9/27/2016,28.25,28.295,28.084999,28.272499,26.442762,98429600
9/28/2016,28.422501,28.66,28.3575,28.487499,26.64385,118564400
9/29/2016,28.290001,28.450001,27.950001,28.045,26.229986,143548000
9/30/2016,28.115,28.342501,27.950001,28.262501,26.433413,145516400
10/3/2016,28.1775,28.262501,28.07,28.129999,26.309486,86807200
10/4/2016,28.264999,28.577499,28.157499,28.25,26.421721,118947200
10/5/2016,28.35,28.415001,28.172501,28.262501,26.433413,85812400
10/6/2016,28.424999,28.584999,28.282499,28.4725,26.629824,115117200
10/7/2016,28.577499,28.639999,28.377501,28.514999,26.669565,97433600
10/10/2016,28.754999,29.1875,28.68,29.012501,27.134872,144944000
10/11/2016,29.424999,29.672501,29.049999,29.075001,27.193327,256164000
10/12/2016,29.3375,29.495001,29.1875,29.334999,27.436501,150347200
10/13/2016,29.1975,29.360001,28.93,29.245001,27.352331,140769600
10/14/2016,29.469999,29.5425,29.282499,29.407499,27.504305,142608800
10/17/2016,29.3325,29.459999,29.195,29.387501,27.485603,94499600
10/18/2016,29.545,29.5525,29.362499,29.3675,27.466896,98214000
10/19/2016,29.3125,29.440001,28.450001,29.280001,27.385056,80138400
10/20/2016,29.215,29.344999,29.0825,29.264999,27.371033,96503200
10/21/2016,29.202499,29.227501,29.07,29.15,27.263475,92770800
10/24/2016,29.275,29.434999,29.25,29.4125,27.508986,94154800
10/25/2016,29.487499,29.59,29.327499,29.5625,27.649279,192516000
10/26/2016,28.577499,28.924999,28.327499,28.897499,27.027317,264536800
10/27/2016,28.8475,28.965,28.525,28.620001,26.767775,138248000
10/28/2016,28.467501,28.8025,28.362499,28.43,26.590071,151446800
10/31/2016,28.4125,28.557501,28.299999,28.385,26.547985,105677600
11/1/2016,28.365,28.442499,27.6325,27.872499,26.068653,175303200
11/2/2016,27.85,28.0875,27.807501,27.897499,26.092031,113326800
11/3/2016,27.745001,27.865,27.387501,27.4575,25.812359,107730400
11/4/2016,27.1325,27.5625,27.0275,27.209999,25.579685,123348000
11/7/2016,27.52,27.627501,27.365,27.602501,25.948673,130240000
11/8/2016,27.577499,27.93,27.424999,27.764999,26.101431,97016800
11/9/2016,27.469999,27.83,27.012501,27.719999,26.059128,236705600
11/10/2016,27.772499,27.772499,26.4575,26.9475,25.332916,228538000
11/11/2016,26.780001,27.217501,26.637501,27.1075,25.483332,136575600
11/14/2016,26.9275,26.952499,26.02,26.4275,24.844072,204702000
11/15/2016,26.6425,26.92,26.540001,26.7775,25.173103,129058000
11/16/2016,26.674999,27.557501,26.65,27.497499,25.849964,235362000
11/17/2016,27.452499,27.5875,27.2075,27.487499,25.840559,110528000
11/18/2016,27.43,27.635,27.415001,27.514999,25.866415,113715600
11/21/2016,27.530001,27.997499,27.502501,27.932501,26.2589,117058400
11/22/2016,27.987499,28.105,27.85,27.950001,26.275351,103862000
11/23/2016,27.84,27.877501,27.5825,27.807501,26.141392,109705600
11/25/2016,27.782499,27.967501,27.737499,27.9475,26.272999,45903600
11/28/2016,27.8575,28.1175,27.8475,27.8925,26.221296,108776000
11/29/2016,27.695,28.0075,27.5175,27.865,26.195438,114115200
11/30/2016,27.9,28.049999,27.567499,27.629999,25.974525,144649200
12/1/2016,27.592501,27.735001,27.2575,27.372499,25.732452,148347600
12/2/2016,27.2925,27.522499,27.2125,27.475,25.828815,106112000
12/5/2016,27.5,27.5075,27.0625,27.2775,25.643141,137298000
12/6/2016,27.375,27.59,27.297501,27.487499,25.840559,104782000
12/7/2016,27.315001,27.797501,27.290001,27.7575,26.094383,119994800
12/8/2016,27.715,28.1075,27.65,28.030001,26.350559,108273200
12/9/2016,28.077499,28.674999,28.077499,28.487499,26.780642,137610400
12/12/2016,28.3225,28.75,28.122499,28.325001,26.627884,105497600
12/13/2016,28.459999,28.98,28.4375,28.797501,27.072069,174935200
12/14/2016,28.76,29.049999,28.745001,28.797501,27.072069,136127200
12/15/2016,28.844999,29.182501,28.807501,28.955,27.220135,186098000
12/16/2016,29.1175,29.125,28.9125,28.9925,27.255386,177404400
12/19/2016,28.950001,29.344999,28.9375,29.16,27.412849,111117600
12/20/2016,29.184999,29.375,29.17,29.237499,27.485708,85700000
12/21/2016,29.200001,29.35,29.195,29.264999,27.511562,95132800
12/22/2016,29.0875,29.127501,28.91,29.0725,27.330599,104343600
12/23/2016,28.897499,29.129999,28.897499,29.129999,27.384647,56998000
12/27/2016,29.129999,29.450001,29.122499,29.315001,27.558563,73187600
12/28/2016,29.379999,29.504999,29.049999,29.190001,27.441057,83623600
12/29/2016,29.112499,29.2775,29.1,29.182501,27.434004,60158000
12/30/2016,29.1625,29.299999,28.8575,28.955,27.220135,122345200
1/3/2017,28.950001,29.0825,28.690001,29.0375,27.297693,115127600
1/4/2017,28.9625,29.127501,28.9375,29.004999,27.267141,84472400
1/5/2017,28.98,29.215,28.952499,29.1525,27.405806,88774400
1/6/2017,29.195,29.540001,29.1175,29.477501,27.71133,127007600
1/9/2017,29.487499,29.8575,29.485001,29.747499,27.965155,134247600
1/10/2017,29.692499,29.844999,29.575001,29.7775,27.993355,97848400
1/11/2017,29.684999,29.9825,29.65,29.9375,28.14377,110354400
1/12/2017,29.725,29.825001,29.5525,29.8125,28.026255,108344800
1/13/2017,29.7775,29.905001,29.702499,29.76,27.9769,104447600
1/17/2017,29.584999,30.059999,29.555,30,28.202526,137759200
1/18/2017,30,30.125,29.9275,29.997499,28.200174,94852000
1/19/2017,29.85,30.022499,29.842501,29.945,28.150822,102389200
1/20/2017,30.112499,30.112499,29.932501,30,28.202526,130391600
1/23/2017,30,30.202499,29.942499,30.02,28.221325,88200800
1/24/2017,29.887501,30.025,29.875,29.9925,28.195471,92844000
1/25/2017,30.105,30.525,30.07,30.469999,28.644361,129510400
1/26/2017,30.4175,30.610001,30.4,30.485001,28.658466,105350400
1/27/2017,30.535,30.5875,30.4,30.487499,28.660812,82251600
1/30/2017,30.2325,30.407499,30.165001,30.407499,28.585606,121510000
1/31/2017,30.2875,30.3475,30.155001,30.3375,28.519794,196804000
2/1/2017,31.7575,32.622501,31.752501,32.1875,30.258951,447940000
2/2/2017,31.995001,32.3475,31.945,32.1325,30.207253,134841600
2/3/2017,32.077499,32.297501,32.040001,32.27,30.336512,98029200
2/6/2017,32.282501,32.625,32.224998,32.572498,30.620888,107383600
2/7/2017,32.634998,33.022499,32.612499,32.8825,30.912321,152735200
2/8/2017,32.837502,33.055,32.805,33.009998,31.032173,92016400
2/9/2017,32.912498,33.112499,32.779999,33.105,31.256411,113399600
2/10/2017,33.115002,33.235001,33.012501,33.029999,31.185604,80262000
2/13/2017,33.27,33.455002,33.1875,33.322498,31.461767,92141600
2/14/2017,33.3675,33.772499,33.3125,33.755001,31.870106,132904800
2/15/2017,33.880001,34.067501,33.654999,33.877499,31.985775,142492400
2/16/2017,33.9175,33.974998,33.709999,33.837502,31.948011,90338400
2/17/2017,33.775002,33.9575,33.775002,33.93,32.035351,88792800
2/21/2017,34.057499,34.1875,33.994999,34.174999,32.266663,98028800
2/22/2017,34.107498,34.279999,34.0275,34.2775,32.363441,83347600
2/23/2017,34.345001,34.369999,34.075001,34.1325,32.226547,83152800
2/24/2017,33.977501,34.165001,33.82,34.165001,32.257221,87106400
2/27/2017,34.285,34.360001,34.07,34.232498,32.320953,81029600
2/28/2017,34.27,34.360001,34.174999,34.247501,32.335106,93931600
3/1/2017,34.4725,35.037498,34.400002,34.947498,32.996021,145658400
3/2/2017,35,35.07,34.689999,34.740002,32.800117,104844000
3/3/2017,34.695,34.9575,34.647499,34.945,32.993668,84432400
3/6/2017,34.842499,34.942501,34.650002,34.834999,32.889816,87000000
3/7/2017,34.764999,34.994999,34.697498,34.880001,32.932301,69785200
3/8/2017,34.737499,34.950001,34.705002,34.75,32.809555,74828800
3/9/2017,34.685001,34.697498,34.262501,34.669998,32.734024,88623600
3/10/2017,34.8125,34.84,34.66,34.785,32.842602,78451200
3/13/2017,34.712502,34.857498,34.705002,34.799999,32.856766,69686800
3/14/2017,34.825001,34.912498,34.709999,34.747501,32.807194,61236400
3/15/2017,34.852501,35.1875,34.7575,35.115002,33.154182,102767200
3/16/2017,35.18,35.255001,35.064999,35.172501,33.208462,76928000
3/17/2017,35.25,35.25,34.9725,34.997501,33.043232,175540000
3/20/2017,35.099998,35.375,35.057499,35.365002,33.390217,86168000
3/21/2017,35.5275,35.700001,34.932499,34.959999,33.007824,158119600
3/22/2017,34.962502,35.400002,34.939999,35.355,33.380768,103440800
3/23/2017,35.314999,35.395,35.1525,35.23,33.262753,81385200
3/24/2017,35.375,35.435001,35.087502,35.16,33.196671,89582400
3/27/2017,34.8475,35.305,34.654999,35.220001,33.253307,94300400
3/28/2017,35.227501,36.009998,35.154999,35.950001,33.942554,133499200
3/29/2017,35.919998,36.122501,35.797501,36.029999,34.018089,116760000
3/30/2017,36.047501,36.125,35.875,35.982498,33.97324,84829200
3/31/2017,35.93,36.067501,35.752499,35.915001,33.9095,78646800
4/3/2017,35.927502,36.029999,35.762501,35.924999,33.918941,79942800
4/4/2017,35.8125,36.2225,35.7925,36.192501,34.171513,79565600
4/5/2017,36.055,36.365002,35.952499,36.005001,33.99448,110871600
4/6/2017,36.072498,36.130001,35.862499,35.915001,33.9095,84596000
4/7/2017,35.932499,36.044998,35.817501,35.834999,33.833965,66688800
4/10/2017,35.900002,35.970001,35.724998,35.7925,33.793839,75733600
4/11/2017,35.735001,35.837502,35.014999,35.407501,33.43034,121517600
4/12/2017,35.400002,35.537498,35.252499,35.450001,33.470478,81400000
4/13/2017,35.477501,35.595001,35.262501,35.262501,33.293442,71291600
4/17/2017,35.369999,35.470001,35.217499,35.4575,33.477551,66328400
4/18/2017,35.352501,35.509998,35.2775,35.299999,33.328846,58790000
4/19/2017,35.470001,35.5,35.112499,35.169998,33.2061,69313600
4/20/2017,35.305,35.73,35.290001,35.610001,33.62154,93278400
4/21/2017,35.610001,35.669998,35.462502,35.567501,33.581417,69283600
4/24/2017,35.875,35.987499,35.794998,35.91,33.904781,68537200
4/25/2017,35.977501,36.224998,35.967499,36.1325,34.114849,75486000
4/26/2017,36.1175,36.150002,35.845001,35.919998,33.914215,80164800
4/27/2017,35.98,36.040001,35.827499,35.947498,33.940193,56985200
4/28/2017,36.022499,36.075001,35.817501,35.912498,33.90715,83441600
5/1/2017,36.275002,36.799999,36.240002,36.645,34.59874,134411600
5/2/2017,36.884998,37.022499,36.709999,36.877499,34.818253,181408800
5/3/2017,36.397499,36.872501,36.067501,36.764999,34.712036,182788000
5/4/2017,36.630001,36.785,36.452499,36.6325,34.586941,93487600
5/5/2017,36.689999,37.244999,36.689999,37.240002,35.160511,109310800
5/8/2017,37.2575,38.424999,37.2575,38.252499,36.11647,195009600
5/9/2017,38.467499,38.720001,38.362499,38.497501,36.347797,156521600
5/10/2017,38.407501,38.485001,38.0275,38.314999,36.175476,103222800
5/11/2017,38.112499,38.517502,38.077499,38.487499,36.488342,109020400
5/12/2017,38.674999,39.105,38.6675,39.025002,36.997932,130108000
5/15/2017,39.002499,39.162498,38.762501,38.924999,36.903118,104038800
5/16/2017,38.985001,39.014999,38.68,38.8675,36.848602,80194000
5/17/2017,38.400002,38.642502,37.427502,37.5625,35.611385,203070800
5/18/2017,37.817501,38.334999,37.782501,38.134998,36.154152,134272800
5/19/2017,38.345001,38.494999,38.157501,38.264999,36.277393,107843200
5/22/2017,38.5,38.645,38.227501,38.497501,36.497826,91865600
5/23/2017,38.724998,38.724998,38.327499,38.450001,36.452793,79675600
5/24/2017,38.459999,38.5425,38.1675,38.334999,36.343761,76712000
5/25/2017,38.432499,38.587502,38.2575,38.467499,36.469383,76942400
5/26/2017,38.5,38.560001,38.327499,38.4025,36.407757,87710400
5/30/2017,38.355,38.607498,38.3325,38.4175,36.421974,80507600
5/31/2017,38.4925,38.5425,38.095001,38.189999,36.206291,97804800
6/1/2017,38.2925,38.3325,38.055,38.294998,36.305847,65616400
6/2/2017,38.395,38.862499,38.2225,38.862499,36.843868,111082800
6/5/2017,38.584999,38.612499,38.365002,38.482498,36.483604,101326800
6/6/2017,38.474998,38.952499,38.445,38.612499,36.606853,106499600
6/7/2017,38.755001,38.994999,38.619999,38.842499,36.824909,84278400
6/8/2017,38.8125,38.884998,38.599998,38.747501,36.734844,85003200
6/9/2017,38.797501,38.797501,36.505001,37.244999,35.310383,259530800
6/12/2017,36.435001,36.522499,35.627499,36.355,34.466606,289229200
6/13/2017,36.790001,36.862499,36.287498,36.647499,34.743919,136661600
6/14/2017,36.875,36.875,35.959999,36.290001,34.404987,126124800
6/15/2017,35.830002,36.119999,35.552502,36.072498,34.19878,128661600
6/16/2017,35.945,36.125,35.549999,35.567501,33.720024,201444400
6/19/2017,35.915001,36.685001,35.915001,36.584999,34.684662,130165600
6/20/2017,36.717499,36.717499,36.235001,36.252499,34.369431,99600400
6/21/2017,36.380001,36.517502,36.1525,36.467499,34.573269,85063200
6/22/2017,36.442501,36.674999,36.279999,36.407501,34.51638,76425200
6/23/2017,36.282501,36.790001,36.2775,36.57,34.670444,141757600
6/26/2017,36.7925,37.07,36.345001,36.455002,34.56142,102769600
6/27/2017,36.252499,36.540001,35.904999,35.932499,34.066059,99047600
6/28/2017,36.122501,36.5275,35.790001,36.4575,34.563786,88329600
6/29/2017,36.177502,36.282501,35.57,35.919998,34.054195,125997600
6/30/2017,36.112499,36.240002,35.945,36.005001,34.134792,92096400
7/3/2017,36.220001,36.325001,35.775002,35.875,34.011543,57111200
7/5/2017,35.922501,36.197498,35.68,36.022499,34.151379,86278400
7/6/2017,35.755001,35.875,35.602501,35.682499,33.829044,96515200
7/7/2017,35.724998,36.1875,35.724998,36.044998,34.17271,76806800
7/10/2017,36.0275,36.487499,35.842499,36.264999,34.38129,84362400
7/11/2017,36.182499,36.462502,36.095001,36.3825,34.49268,79127200
7/12/2017,36.467499,36.544998,36.205002,36.435001,34.542458,99538000
7/13/2017,36.375,37.122501,36.360001,36.942501,35.023598,100797600
7/14/2017,36.9925,37.3325,36.8325,37.259998,35.324596,80528400
7/17/2017,37.205002,37.724998,37.142502,37.389999,35.447849,95174000
7/18/2017,37.299999,37.532501,37.1675,37.52,35.571106,71475200
7/19/2017,37.619999,37.855,37.487499,37.755001,35.79388,83692000
7/20/2017,37.875,37.935001,37.547501,37.584999,35.632717,68974800
7/21/2017,37.497501,37.610001,37.220001,37.567501,35.616127,105010400
7/24/2017,37.645,38.110001,37.474998,38.022499,36.047485,85972800
7/25/2017,37.950001,38.459999,37.950001,38.185001,36.201565,75415600
7/26/2017,38.337502,38.482498,38.264999,38.365002,36.3722,63124000
7/27/2017,38.4375,38.497501,36.825001,37.639999,35.684872,129905200
7/28/2017,37.4725,37.557499,37.297501,37.375,35.433632,68854800
7/31/2017,37.474998,37.5825,37.032501,37.182499,35.251129,79383600
8/1/2017,37.275002,37.555,37.102501,37.512501,35.563984,141474400
8/2/2017,39.82,39.9375,39.040001,39.285,37.244427,279747200
8/3/2017,39.262501,39.302502,38.755001,38.892502,36.872311,108389200
8/4/2017,39.017502,39.349998,38.922501,39.0975,37.066662,82239600
8/7/2017,39.264999,39.73,39.1675,39.702499,37.640236,87481200
8/8/2017,39.650002,40.4575,39.567501,40.02,37.941242,144823600
8/9/2017,39.814999,40.317501,39.7775,40.264999,38.173515,104526000
8/10/2017,39.974998,40,38.657501,38.830002,36.957619,163217200
8/11/2017,39.150002,39.642502,39.017502,39.369999,37.471581,105028400
8/14/2017,39.830002,40.052502,39.6875,39.962502,38.035522,88490800
8/15/2017,40.165001,40.549999,40.035,40.400002,38.451912,117862000
8/16/2017,40.485001,40.627499,40.037498,40.237499,38.297245,110686400
8/17/2017,40.130001,40.177502,39.459999,39.465,37.562004,111762400
8/18/2017,39.465,39.875,39.18,39.375,37.476337,109712400
8/21/2017,39.375,39.4725,38.7775,39.302502,37.407337,105474000
8/22/2017,39.557499,40,39.505001,39.945,38.018852,86418400
8/23/2017,39.767502,40.1175,39.720001,39.994999,38.066437,77596400
8/24/2017,40.107498,40.185001,39.637501,39.817501,37.897499,79275600
8/25/2017,39.912498,40.139999,39.817501,39.965,38.037888,101920400
8/28/2017,40.035,40.5,39.982498,40.3675,38.420971,103864000
8/29/2017,40.025002,40.779999,40,40.727501,38.763618,118067600
8/30/2017,40.950001,40.9725,40.6525,40.837502,38.868317,109078400
8/31/2017,40.91,41.130001,40.869999,41,39.022984,107140400
9/1/2017,41.200001,41.235001,40.907501,41.012501,39.034882,66364400
9/5/2017,40.9375,41.0625,40.139999,40.52,38.566128,117874000
9/6/2017,40.677502,40.747501,40.130001,40.477501,38.525681,86606800
9/7/2017,40.522499,40.560001,40.09,40.314999,38.37101,87714000
9/8/2017,40.215,40.287498,39.6325,39.657501,37.74522,114446000
9/11/2017,40.125,40.512501,39.9725,40.375,38.42812,126323200
9/12/2017,40.6525,40.990002,39.692501,40.215,38.275829,286856000
9/13/2017,39.967499,39.990002,39.477501,39.912498,37.987923,179629600
9/14/2017,39.747501,39.849998,39.522499,39.57,37.661938,95042800
9/15/2017,39.6175,40.2425,39.5,39.970001,38.042645,196458400
9/18/2017,40.0275,40.125,39.5,39.6675,37.754726,113077600
9/19/2017,39.877499,39.942501,39.610001,39.682499,37.769012,83242400
9/20/2017,39.474998,39.564999,38.4575,39.017502,37.13607,211805600
9/21/2017,38.950001,38.950001,38.1875,38.3475,36.498383,150046800
9/22/2017,37.884998,38.067501,37.639999,37.9725,36.141464,186581600
9/25/2017,37.497501,37.9575,37.290001,37.637501,35.822617,177549200
9/26/2017,37.945,38.48,37.922501,38.285,36.4389,146640000
9/27/2017,38.450001,38.68,38.384998,38.557499,36.698261,102016800
9/28/2017,38.4725,38.57,38.174999,38.32,36.47221,88022000
9/29/2017,38.302502,38.532501,38,38.529999,36.672085,105199200
10/2/2017,38.564999,38.612499,38.18,38.452499,36.598324,74795200
10/3/2017,38.502499,38.772499,38.477501,38.619999,36.757744,64921200
10/4/2017,38.407501,38.465,38.115002,38.369999,36.519806,80655200
10/5/2017,38.544998,38.860001,38.512501,38.8475,36.974281,85135200
10/6/2017,38.7425,38.872501,38.639999,38.825001,36.952858,69630400
10/9/2017,38.952499,39.182499,38.872501,38.959999,37.081352,65051600
10/10/2017,39.014999,39.5,38.775002,38.974998,37.095623,62468000
10/11/2017,38.9925,39.244999,38.9375,39.137501,37.25029,67622400
10/12/2017,39.087502,39.342499,38.932499,39,37.119419,64500400
10/13/2017,39.182499,39.32,39.102501,39.247501,37.354992,65576800
10/16/2017,39.474998,40,39.412498,39.970001,38.042645,96486000
10/17/2017,39.945,40.217499,39.807499,40.1175,38.183037,75989200
10/18/2017,40.105,40.177502,39.900002,39.939999,38.014091,65496800
10/19/2017,39.1875,39.27,38.755001,38.994999,37.114666,170336800
10/20/2017,39.1525,39.4375,38.990002,39.0625,37.178902,95896400
10/23/2017,39.2225,39.422501,38.875,39.0425,37.15987,87937200
10/24/2017,39.072498,39.355,39.049999,39.275002,37.381161,71028800
10/25/2017,39.227501,39.387501,38.817501,39.102501,37.216972,84828400
10/26/2017,39.307499,39.4575,39.195,39.352501,37.454926,68002000
10/27/2017,39.822498,40.900002,39.674999,40.762501,38.796936,177816800
10/30/2017,40.9725,42.017502,40.93,41.68,39.670193,178803200
10/31/2017,41.974998,42.412498,41.735001,42.259998,40.222225,144187200
11/1/2017,42.467499,42.485001,41.4025,41.7225,39.71064,134551200
11/2/2017,41.650002,42.125,41.32,42.0275,40.000935,165573600
11/3/2017,43.5,43.564999,42.779999,43.125,41.045521,237594400
11/6/2017,43.092499,43.747501,42.93,43.5625,41.461922,140105200
11/7/2017,43.477501,43.8125,43.400002,43.702499,41.595169,97446000
11/8/2017,43.665001,44.060001,43.5825,44.060001,41.935432,97638000
11/9/2017,43.7775,44.025002,43.285,43.970001,41.849773,117930400
11/10/2017,43.7775,43.845001,43.567501,43.6675,41.711266,100582000
11/13/2017,43.375,43.625,43.349998,43.4925,41.544109,67928400
11/14/2017,43.259998,43.369999,42.794998,42.834999,40.916061,99130000
11/15/2017,42.4925,42.580002,42.095001,42.27,40.376366,116632400
11/16/2017,42.794998,42.967499,42.575001,42.775002,40.858742,94550000
11/17/2017,42.759998,42.8475,42.41,42.537498,40.631886,87598000
11/20/2017,42.572498,42.639999,42.389999,42.494999,40.59129,65049600
11/21/2017,42.695,43.424999,42.695,43.285,41.345894,100525200
11/22/2017,43.34,43.75,43.262501,43.740002,41.780518,102355600
11/24/2017,43.775002,43.875,43.662498,43.7425,41.782906,56106800
11/27/2017,43.762501,43.77,43.334999,43.522499,41.572754,82867200
11/28/2017,43.575001,43.717499,42.965,43.267502,41.329189,105715200
11/29/2017,43.157501,43.23,41.790001,42.369999,40.471897,166665600
11/30/2017,42.607498,43.035,42.110001,42.962502,41.037846,166108800
12/1/2017,42.487499,42.9175,42.125,42.762501,40.846806,159037200
12/4/2017,43.119999,43.154999,42.407501,42.450001,40.548306,130169600
12/5/2017,42.264999,42.880001,42.099998,42.41,40.510086,109400800
12/6/2017,41.875,42.549999,41.615002,42.252499,40.359646,114240000
12/7/2017,42.2575,42.610001,42.227501,42.330002,40.433685,102693200
12/8/2017,42.622501,42.75,42.205002,42.342499,40.445625,93420800
12/11/2017,42.299999,43.2225,42.197498,43.1675,41.233665,141095200
12/12/2017,43.037498,43.0975,42.865002,42.924999,41.002026,77636800
12/13/2017,43.125,43.384998,43,43.067501,41.138145,95273600
12/14/2017,43.099998,43.282501,42.912498,43.055,41.126198,81906000
12/15/2017,43.407501,43.5425,43.115002,43.4925,41.544109,160677200
12/18/2017,43.720001,44.299999,43.715,44.105,42.129166,117684400
12/19/2017,43.7575,43.8475,43.522499,43.634998,41.680222,109745600
12/20/2017,43.717499,43.855,43.3125,43.587502,41.63485,93902400
12/21/2017,43.5425,44.005001,43.525002,43.752499,41.792454,83799600
12/22/2017,43.669998,43.855,43.625,43.752499,41.792454,65397600
12/26/2017,42.700001,42.8675,42.419998,42.642502,40.732185,132742000
12/27/2017,42.525002,42.695,42.427502,42.650002,40.739349,85992800
12/28/2017,42.75,42.962502,42.619999,42.77,40.85397,65920800
12/29/2017,42.630001,42.647499,42.305,42.307499,40.412189,103999600
1/2/2018,42.540001,43.075001,42.314999,43.064999,41.135754,102223600
1/3/2018,43.1325,43.637501,42.990002,43.057499,41.128586,118071600
1/4/2018,43.134998,43.3675,43.02,43.2575,41.319633,89738400
1/5/2018,43.360001,43.842499,43.262501,43.75,41.79007,94640000
1/8/2018,43.587502,43.9025,43.482498,43.587502,41.63485,82271200
1/9/2018,43.637501,43.764999,43.352501,43.5825,41.630077,86336000
1/10/2018,43.290001,43.575001,43.25,43.572498,41.620518,95839600
1/11/2018,43.647499,43.872501,43.622501,43.82,41.85693,74670800
1/12/2018,44.044998,44.34,43.912498,44.272499,42.289162,101672400
1/16/2018,44.474998,44.8475,44.035,44.047501,42.074245,118263600
1/17/2018,44.037498,44.8125,43.767502,44.775002,42.769146,137547200
1/18/2018,44.842499,45.025002,44.5625,44.814999,42.807362,124773600
1/19/2018,44.6525,44.895,44.352501,44.615002,42.616318,129700400
1/22/2018,44.325001,44.445,44.150002,44.25,42.267666,108434400
1/23/2018,44.325001,44.860001,44.205002,44.259998,42.277218,130756400
1/24/2018,44.3125,44.325001,43.299999,43.555,41.603806,204420400
1/25/2018,43.627499,43.737499,42.6325,42.7775,40.86113,166116000
1/26/2018,43,43,42.514999,42.877499,40.95665,156572000
1/29/2018,42.540001,42.540001,41.767502,41.990002,40.108917,202561600
1/30/2018,41.3825,41.842499,41.174999,41.7425,39.872505,184192800
1/31/2018,41.717499,42.110001,41.625,41.857498,39.982349,129915600
2/1/2018,41.7925,42.154999,41.689999,41.945,40.065926,188923200
2/2/2018,41.5,41.700001,40.025002,40.125,38.327465,346375200
2/5/2018,39.775002,40.970001,39,39.122501,37.369873,290954000
2/6/2018,38.7075,40.93,38.5,40.7575,38.931629,272975200
2/7/2018,40.772499,40.849998,39.767502,39.884998,38.098217,206434400
2/8/2018,40.072498,40.25,38.7575,38.787498,37.049889,217562000
2/9/2018,39.267502,39.4725,37.560001,39.102501,37.503044,282690400
2/12/2018,39.625,40.9725,39.377499,40.677502,39.013626,243278000
2/13/2018,40.487499,41.1875,40.412498,41.084999,39.404469,130196800
2/14/2018,40.759998,41.884998,40.720001,41.842499,40.130978,162579600
2/15/2018,42.447498,43.272499,42.25,43.247501,41.4785,204588800
2/16/2018,43.09,43.705002,42.942501,43.107498,41.344227,160704400
2/20/2018,43.012501,43.564999,42.855,42.962502,41.205162,135722000
2/21/2018,43.2075,43.529999,42.752499,42.767502,41.018139,149886400
2/22/2018,42.950001,43.487499,42.927502,43.125,41.361015,123967600
2/23/2018,43.4175,43.912498,43.384998,43.875,42.08033,135249600
2/26/2018,44.087502,44.8475,44.052502,44.7425,42.91235,152648800
2/27/2018,44.775002,45.119999,44.540001,44.5975,42.773285,155712400
2/28/2018,44.814999,45.154999,44.512501,44.529999,42.708546,151128400
3/1/2018,44.634998,44.945,43.165001,43.75,41.960453,195208000
3/2/2018,43.200001,44.075001,43.112499,44.052502,42.250584,153816000
3/5/2018,43.802502,44.435001,43.630001,44.205002,42.396847,113605600
3/6/2018,44.477501,44.5625,44.032501,44.1675,42.36087,95154000
3/7/2018,43.735001,43.962502,43.567501,43.7575,41.967644,126814000
3/8/2018,43.869999,44.279999,43.767502,44.235001,42.425617,95096400
3/9/2018,44.490002,45,44.3475,44.994999,43.154526,128740800
3/12/2018,45.072498,45.5975,45.052502,45.43,43.571728,128828400
3/13/2018,45.647499,45.875,44.810001,44.9925,43.15213,126774000
3/14/2018,45.080002,45.130001,44.452499,44.610001,42.785275,117473600
3/15/2018,44.625,45.060001,44.517502,44.662498,42.835629,90975200
3/16/2018,44.662498,44.779999,44.404999,44.505001,42.684574,157618800
3/19/2018,44.330002,44.3675,43.415001,43.825001,42.032379,133787200
3/20/2018,43.810001,44.200001,43.735001,43.810001,42.018002,78597600
3/21/2018,43.759998,43.772499,42.814999,42.817501,41.06609,148219600
3/22/2018,42.5,43.169998,42.150002,42.212502,40.485836,165963200
3/23/2018,42.0975,42.48,41.235001,41.235001,39.548325,164115200
3/26/2018,42.017502,43.275002,41.610001,43.192501,41.425751,150164800
3/27/2018,43.419998,43.787498,41.73,42.084999,40.363552,163690400
3/28/2018,41.8125,42.505001,41.297501,41.619999,39.917568,166674000
3/29/2018,41.952499,42.9375,41.724998,41.945,40.229286,153594000
4/2/2018,41.66,42.235001,41.1175,41.669998,39.96553,150347200
4/3/2018,41.91,42.1875,41.220001,42.0975,40.375549,121112000
4/4/2018,41.220001,43.002499,41.192501,42.9025,41.14761,138422000
4/5/2018,43.145,43.557499,43.02,43.200001,41.432957,107732800
4/6/2018,42.7425,43.119999,42.049999,42.095001,40.373154,140021200
4/9/2018,42.470001,43.272499,42.462502,42.512501,40.773571,116070800
4/10/2018,43.25,43.5,42.8825,43.3125,41.540848,113634400
4/11/2018,43.057499,43.48,42.924999,43.110001,41.346634,89726400
4/12/2018,43.352501,43.75,43.259998,43.535,41.75425,91557200
4/13/2018,43.695,43.959999,43.462502,43.682499,41.895714,100497200
4/16/2018,43.7575,44.047501,43.7075,43.955002,42.157074,86313600
4/17/2018,44.122501,44.735001,44.102501,44.560001,42.737324,106421600
4/18/2018,44.452499,44.705002,44.220001,44.459999,42.641407,83018000
4/19/2018,43.439999,43.8475,43.165001,43.200001,41.432957,139235200
4/20/2018,42.650002,42.805,41.357498,41.43,39.735352,261964400
4/23/2018,41.7075,41.73,41.022499,41.310001,39.620258,146062000
4/24/2018,41.4175,41.5825,40.305,40.735001,39.068783,134768000
4/25/2018,40.654999,41.355,40.602501,40.912498,39.239021,113528400
4/26/2018,41.029999,41.432499,40.842499,41.055,39.37569,111852000
4/27/2018,41,41.0825,40.157501,40.580002,38.92012,142623200
4/30/2018,40.532501,41.814999,40.459999,41.314999,39.625046,169709600
5/1/2018,41.602501,42.299999,41.317501,42.275002,40.54578,214277600
5/2/2018,43.807499,44.4375,43.450001,44.142502,42.336899,266157600
5/3/2018,43.970001,44.375,43.610001,44.2225,42.413616,136272800
5/4/2018,44.5625,46.0625,44.5425,45.9575,44.077656,224805200
5/7/2018,46.294998,46.9175,46.1875,46.290001,44.396557,169805600
5/8/2018,46.247501,46.555,45.9175,46.512501,44.609959,113611200
5/9/2018,46.637501,46.849998,46.305,46.84,44.924061,92844800
5/10/2018,46.935001,47.592499,46.912498,47.509998,45.566654,111957200
5/11/2018,47.372501,47.514999,46.862499,47.147499,45.393353,104848800
5/14/2018,47.252499,47.3825,46.965,47.037498,45.287445,83115200
5/15/2018,46.695,46.767502,46.275002,46.610001,44.875851,94780800
5/16/2018,46.517502,47.115002,46.5,47.044998,45.294659,76732400
5/17/2018,47,47.227501,46.59,46.747501,45.008232,69176000
5/18/2018,46.797501,46.952499,46.532501,46.577499,44.844559,73190800
5/21/2018,47,47.317501,46.727501,46.907501,45.162277,73603200
5/22/2018,47.095001,47.220001,46.695,46.790001,45.049152,60962800
5/23/2018,46.587502,47.125,46.439999,47.09,45.33799,80233600
5/24/2018,47.192501,47.209999,46.552502,47.037498,45.287445,92936000
5/25/2018,47.057499,47.412498,46.912498,47.145,45.390942,69844000
5/29/2018,46.900002,47.1875,46.717499,46.974998,45.227261,90056400
5/30/2018,46.93,47,46.695,46.875,45.130989,74762000
5/31/2018,46.805,47.057499,46.535,46.717499,44.979343,109931200
6/1/2018,46.997501,47.564999,46.9375,47.560001,45.790504,93770000
6/4/2018,47.91,48.355,47.837502,47.9575,46.173218,105064800
6/5/2018,48.267502,48.485001,48.09,48.327499,46.529449,86264000
6/6/2018,48.407501,48.52,47.98,48.494999,46.690712,83734400
6/7/2018,48.535,48.549999,48.084999,48.365002,46.565548,85388800
6/8/2018,47.7925,48,47.442501,47.924999,46.141914,106627200
6/11/2018,47.837502,47.9925,47.552502,47.807499,46.028782,73234000
6/12/2018,47.8475,48.1525,47.787498,48.07,46.281528,67644400
6/13/2018,48.105,48.220001,47.610001,47.674999,45.90123,86553600
6/14/2018,47.887501,47.892502,47.555,47.700001,45.925289,86440400
6/15/2018,47.5075,47.540001,47.064999,47.209999,45.453522,246876800
6/18/2018,46.970001,47.305,46.799999,47.185001,45.429455,73939600
6/19/2018,46.285,46.5825,45.862499,46.422501,44.69532,134314000
6/20/2018,46.587502,46.799999,46.432499,46.625,44.890285,82514800
6/21/2018,46.8125,47.087502,46.235001,46.365002,44.639961,102847600
6/22/2018,46.529999,46.537498,46.174999,46.23,44.509987,108801600
6/25/2018,45.849998,46.23,45.182499,45.5425,43.848064,126652400
6/26/2018,45.747501,46.6325,45.634998,46.107498,44.39204,98276800
6/27/2018,46.307499,46.82,46.0075,46.040001,44.327049,101141200
6/28/2018,46.025002,46.552502,45.950001,46.375,44.649597,69460800
6/29/2018,46.572498,46.797501,45.727501,46.2775,44.555714,90950800
7/2/2018,45.955002,46.825001,45.855,46.794998,45.053963,70925200
7/3/2018,46.947498,46.987499,45.884998,45.98,44.269279,55819200
7/5/2018,46.314999,46.602501,46.07,46.349998,44.625515,66416800
7/6/2018,46.355,47.107498,46.299999,46.9925,45.244118,69940800
7/9/2018,47.375,47.669998,47.325001,47.645,45.872337,79026400
7/10/2018,47.677502,47.82,47.544998,47.587502,45.816978,63756400
7/11/2018,47.125,47.445,46.9025,46.970001,45.22245,75326000
7/12/2018,47.3825,47.852501,47.327499,47.7575,45.980652,72164400
7/13/2018,47.77,47.959999,47.724998,47.8325,46.052864,50055600
7/16/2018,47.880001,48.162498,47.605,47.727501,45.951763,60172400
7/17/2018,47.4375,47.967499,47.299999,47.862499,46.081741,62138000
7/18/2018,47.945,47.950001,47.482498,47.599998,45.829006,65573600
7/19/2018,47.422501,48.137501,47.422501,47.970001,46.185249,81147200
7/20/2018,47.945,48.107498,47.5425,47.860001,46.079342,82704800
7/23/2018,47.669998,47.990002,47.389999,47.9025,46.120262,63957600
7/24/2018,48.112499,48.415001,48.012501,48.25,46.454823,74791600
7/25/2018,48.264999,48.712502,48.107498,48.705002,46.892902,66839600
7/26/2018,48.6525,48.990002,48.4025,48.552502,46.746075,76304000
7/27/2018,48.747501,48.797501,47.525002,47.744999,45.96862,96096000
7/30/2018,47.974998,48.049999,47.267502,47.477501,45.711067,84118000
7/31/2018,47.575001,48.035,47.334999,47.572498,45.802532,157492000
8/1/2018,49.782501,50.439999,49.327499,50.375,48.500771,271742800
8/2/2018,50.145,52.095001,50.087502,51.8475,49.918484,249616000
8/3/2018,51.7575,52.185001,51.369999,51.997501,50.062901,133789600
8/6/2018,52,52.3125,51.767502,52.267502,50.322857,101701600
8/7/2018,52.330002,52.375,51.689999,51.7775,49.851086,102349600
8/8/2018,51.512501,51.952499,51.130001,51.8125,49.884781,90102000
8/9/2018,52.3825,52.445,51.799999,52.220001,50.277122,93970400
8/10/2018,51.84,52.275002,51.6675,51.8825,50.127361,98444800
8/13/2018,52.327499,52.737499,51.924999,52.217499,50.451035,103563600
8/14/2018,52.540001,52.639999,52.064999,52.4375,50.663593,82992000
8/15/2018,52.305,52.685001,52.0825,52.560001,50.781948,115230400
8/16/2018,52.9375,53.452499,52.8675,53.330002,51.525898,114001600
8/17/2018,53.360001,54.487499,53.290001,54.395,52.554874,141708000
8/20/2018,54.525002,54.794998,53.7775,53.865002,52.042805,121150800
8/21/2018,54.200001,54.297501,53.5075,53.759998,51.941353,104639200
8/22/2018,53.525002,54.09,53.459999,53.762501,51.943768,76072400
8/23/2018,53.662498,54.262501,53.650002,53.872501,52.050045,75532800
8/24/2018,54.150002,54.224998,53.7775,54.040001,52.211876,73905600
8/27/2018,54.287498,54.685001,54.0825,54.485001,52.641834,82100400
8/28/2018,54.752499,55.134998,54.73,54.924999,53.06694,91107200
8/29/2018,55.037498,55.872501,54.852501,55.744999,53.859203,109019200
8/30/2018,55.8125,57.064999,55.599998,56.2575,54.354366,195175200
8/31/2018,56.627499,57.217499,56.5,56.907501,54.982376,173360400
9/4/2018,57.102501,57.294998,56.657501,57.09,55.158707,109560400
9/5/2018,57.247501,57.4175,56.275002,56.717499,54.798805,133332000
9/6/2018,56.557499,56.837502,55.325001,55.775002,53.888191,137160000
9/7/2018,55.462502,56.342499,55.177502,55.325001,53.453419,150479200
9/10/2018,55.237499,55.462502,54.1175,54.5825,52.736023,158066000
9/11/2018,54.502499,56.075001,54.139999,55.962502,54.069351,142996000
9/12/2018,56.235001,56.25,54.959999,55.267502,53.397858,197114800
9/13/2018,55.880001,57.087502,55.642502,56.602501,54.687687,166825600
9/14/2018,56.4375,56.709999,55.630001,55.959999,54.066936,127997200
9/17/2018,55.537498,55.737499,54.317501,54.470001,52.627342,148780400
9/18/2018,54.447498,55.462502,54.279999,54.560001,52.714294,126286800
9/19/2018,54.625,54.904999,53.825001,54.592499,52.745693,108495200
9/20/2018,55.060001,55.57,54.787498,55.0075,53.146652,106435200
9/21/2018,55.195,55.34,54.322498,54.415001,52.574192,384986800
9/24/2018,54.205002,55.314999,54.157501,55.197498,53.330227,110773600
9/25/2018,54.9375,55.705002,54.924999,55.547501,53.668381,98217600
9/26/2018,55.25,55.9375,54.939999,55.105,53.240852,95938800
9/27/2018,55.955002,56.610001,55.884998,56.237499,54.335045,120724800
9/28/2018,56.197498,56.459999,56.005001,56.435001,54.525871,91717600
10/1/2018,56.987499,57.355,56.587502,56.814999,54.893009,94403200
10/2/2018,56.8125,57.5,56.657501,57.32,55.380924,99152800
10/3/2018,57.512501,58.3675,57.445,58.017502,56.054825,114619200
10/4/2018,57.695,58.087502,56.682499,56.997501,55.069332,128168000
10/5/2018,56.990002,57.102501,55.145,56.072498,54.175613,134322000
10/8/2018,55.552502,56.200001,55.049999,55.942501,54.05003,118655600
10/9/2018,55.91,56.817501,55.5625,56.717499,54.798805,107564000
10/10/2018,56.365002,56.587502,54.012501,54.09,52.260185,167962400
10/11/2018,53.630001,54.875,53.080002,53.612499,51.79884,212497600
10/12/2018,55.105,55.720001,54.209999,55.5275,53.649063,161351600
10/15/2018,55.290001,55.4575,54.317501,54.34,52.501736,123164000
10/16/2018,54.732498,55.747501,54.189999,55.537498,53.658722,116736000
10/17/2018,55.575001,55.66,54.834999,55.297501,53.426842,91541600
10/18/2018,54.465,54.935001,53.25,54.005001,52.178074,130325200
10/19/2018,54.514999,55.314999,54.357498,54.827499,52.972736,132314800
10/22/2018,54.947498,55.84,54.735001,55.162498,53.29641,115168400
10/23/2018,53.9575,55.8125,53.674999,55.682499,53.798809,155071200
10/24/2018,55.650002,56.057499,53.634998,53.772499,51.95343,163702000
10/25/2018,54.427502,55.345001,54.1875,54.950001,53.091099,119423200
10/26/2018,53.974998,55.047501,53.1675,54.075001,52.245705,189033600
10/29/2018,54.797501,54.922501,51.522499,53.060001,51.265034,183742000
10/30/2018,52.787498,53.794998,52.317501,53.325001,51.521072,146640000
10/31/2018,54.220001,55.112499,54.154999,54.715,52.864048,153435600
11/1/2018,54.762501,55.59,54.202499,55.555,53.675632,233292800
11/2/2018,52.387501,53.412498,51.357498,51.869999,50.115288,365314800
11/5/2018,51.075001,51.0975,49.5425,50.397499,48.692596,264654800
11/6/2018,50.48,51.18,50.422501,50.942501,49.21917,127531600
11/7/2018,51.4925,52.514999,51.032501,52.487499,50.711903,133697600
11/8/2018,52.494999,52.529999,51.6875,52.122501,50.534962,101450400
11/9/2018,51.387501,51.502499,50.5625,51.1175,49.560566,137463200
11/12/2018,49.75,49.962502,48.447498,48.5425,47.063999,204542000
11/13/2018,47.907501,49.294998,47.862499,48.057499,46.593769,187531600
11/14/2018,48.474998,48.619999,46.482498,46.700001,45.277615,243204000
11/15/2018,47.0975,47.9925,46.724998,47.852501,46.395016,185915200
11/16/2018,47.625,48.7425,47.365002,48.3825,46.908871,147713200
11/19/2018,47.5,47.674999,46.247501,46.465,45.049778,167701200
11/20/2018,44.592499,45.3675,43.877499,44.244999,42.897396,271300800
11/21/2018,44.932499,45.067501,44.137501,44.195,42.848915,124496800
11/23/2018,43.735001,44.150002,43.025002,43.072498,41.760605,94496000
11/26/2018,43.560001,43.737499,42.564999,43.654999,42.325367,179994000
11/27/2018,42.877499,43.692501,42.720001,43.560001,42.233261,165549600
11/28/2018,44.182499,45.322498,43.732498,45.235001,43.857231,184250000
11/29/2018,45.665001,45.700001,44.424999,44.887501,43.520332,167080000
11/30/2018,45.072498,45.0825,44.2575,44.645,43.28521,158126000
12/3/2018,46.115002,46.235001,45.302502,46.205002,44.797695,163210000
12/4/2018,45.237499,45.5975,44.067501,44.172501,42.827106,165377200
12/6/2018,42.939999,43.695,42.605,43.68,42.349598,172393600
12/7/2018,43.372501,43.622501,42.075001,42.122501,40.839539,169126400
12/10/2018,41.25,42.522499,40.8325,42.400002,41.108589,248104000
12/11/2018,42.915001,42.947498,41.75,42.157501,40.87347,189126800
12/12/2018,42.599998,42.98,42.255001,42.275002,40.9874,142510800
12/13/2018,42.622501,43.142502,42.387501,42.737499,41.435814,127594400
12/14/2018,42.25,42.27,41.32,41.369999,40.109955,162814800
12/17/2018,41.362499,42.087502,40.682499,40.985001,39.736687,177151600
12/18/2018,41.345001,41.8825,41.0975,41.517502,40.252964,135366000
12/19/2018,41.5,41.862499,39.772499,40.2225,38.997402,196189200
12/20/2018,40.099998,40.5275,38.825001,39.2075,38.013321,259092000
12/21/2018,39.215,39.540001,37.407501,37.682499,36.534767,382978400
12/24/2018,37.037498,37.887501,36.647499,36.7075,35.589466,148676800
12/26/2018,37.075001,39.307499,36.68,39.2925,38.095741,234330000
12/27/2018,38.959999,39.192501,37.517502,39.037498,37.848499,212468400
12/28/2018,39.375,39.630001,38.637501,39.057499,37.867897,169165600
12/31/2018,39.6325,39.84,39.119999,39.435001,38.233902,140014000
1/2/2019,38.7225,39.712502,38.557499,39.48,38.277523,148158800
1/3/2019,35.994999,36.43,35.5,35.547501,34.464802,365248800
1/4/2019,36.1325,37.137501,35.950001,37.064999,35.936085,234428400
1/7/2019,37.174999,37.2075,36.474998,36.982498,35.856091,219111200
1/8/2019,37.389999,37.955002,37.130001,37.6875,36.539619,164101200
1/9/2019,37.822498,38.6325,37.407501,38.327499,37.16013,180396400
1/10/2019,38.125,38.4925,37.715,38.450001,37.278893,143122800
1/11/2019,38.220001,38.424999,37.877499,38.072498,36.912895,108092800
1/14/2019,37.712502,37.817501,37.305,37.5,36.357838,129756800
1/15/2019,37.567501,38.3475,37.512501,38.267502,37.101952,114843600
1/16/2019,38.27,38.970001,38.25,38.735001,37.555214,122278800
1/17/2019,38.549999,39.415001,38.314999,38.965,37.778206,119284800
1/18/2019,39.375,39.470001,38.994999,39.205002,38.010902,135004000
1/22/2019,39.102501,39.182499,38.154999,38.325001,37.1577,121576000
1/23/2019,38.537498,38.785,37.924999,38.48,37.307983,92522400
1/24/2019,38.5275,38.619999,37.935001,38.174999,37.012272,101766000
1/25/2019,38.869999,39.532501,38.580002,39.439999,38.238739,134142000
1/28/2019,38.947498,39.0825,38.415001,39.075001,37.884865,104768400
1/29/2019,39.0625,39.532501,38.5275,38.669998,37.492191,166348800
1/30/2019,40.8125,41.537498,40.057499,41.3125,40.054211,244439200
1/31/2019,41.5275,42.25,41.139999,41.610001,40.342655,162958400
2/1/2019,41.740002,42.244999,41.482498,41.630001,40.362038,130672400
2/4/2019,41.852501,42.915001,41.82,42.8125,41.508526,125982000
2/5/2019,43.215,43.77,43.087502,43.544998,42.218708,144406400
2/6/2019,43.662498,43.892502,43.212502,43.560001,42.233261,112958400
2/7/2019,43.099998,43.485001,42.584999,42.735001,41.43338,126966800
2/8/2019,42.247501,42.665001,42.105,42.602501,41.482071,95280000
2/11/2019,42.762501,42.802502,42.3125,42.357498,41.243511,83973600
2/12/2019,42.525002,42.75,42.424999,42.7225,41.598911,89134000
2/13/2019,42.8475,43.119999,42.48,42.544998,41.426079,89960800
2/14/2019,42.427502,42.814999,42.345001,42.700001,41.577003,87342800
2/15/2019,42.8125,42.924999,42.4375,42.605,41.484505,98507200
2/19/2019,42.427502,42.860001,42.372501,42.732498,41.608646,75891200
2/20/2019,42.797501,43.330002,42.747501,43.0075,41.876415,104457600
2/21/2019,42.950001,43.092499,42.575001,42.764999,41.640293,68998800
2/22/2019,42.895,43.25,42.845001,43.2425,42.10524,75652800
2/25/2019,43.540001,43.967499,43.487499,43.557499,42.411949,87493600
2/26/2019,43.427502,43.825001,43.2925,43.5825,42.436295,68280800
2/27/2019,43.302502,43.75,43.182499,43.717499,42.567738,111341600
2/28/2019,43.580002,43.727501,43.23,43.287498,42.149052,112861600
3/1/2019,43.57,43.787498,43.2225,43.7425,42.592091,103544800
3/4/2019,43.922501,44.4375,43.4925,43.962502,42.806301,109744800
3/5/2019,43.985001,44,43.634998,43.8825,42.728413,78949600
3/6/2019,43.6675,43.872501,43.485001,43.630001,42.482548,83241600
3/7/2019,43.467499,43.610001,43.005001,43.125,41.990829,99185600
3/8/2019,42.580002,43.267502,42.375,43.227501,42.090645,95997600
3/11/2019,43.872501,44.779999,43.837502,44.724998,43.548748,128044000
3/12/2019,45,45.6675,44.842499,45.227501,44.03804,129870400
3/13/2019,45.5625,45.825001,45.23,45.427502,44.232773,124130000
3/14/2019,45.974998,46.025002,45.639999,45.932499,44.724487,94318000
3/15/2019,46.212502,46.8325,45.935001,46.529999,45.306282,156171600
3/18/2019,46.450001,47.0975,46.447498,47.005001,45.768784,104879200
3/19/2019,47.087502,47.247501,46.48,46.6325,45.406078,126585600
3/20/2019,46.557499,47.372501,46.182499,47.040001,45.802864,124140800
3/21/2019,47.505001,49.0825,47.452499,48.772499,47.489799,204136800
3/22/2019,48.834999,49.422501,47.695,47.762501,46.506363,169630800
3/25/2019,47.877499,47.994999,46.650002,47.185001,45.944054,175381200
3/26/2019,47.915001,48.220001,46.145,46.697498,45.469368,199202000
3/27/2019,47.1875,47.439999,46.637501,47.1175,45.87833,119393600
3/28/2019,47.237499,47.389999,46.8825,47.18,45.939186,83121600
3/29/2019,47.4575,47.52,47.134998,47.487499,46.238594,94256000
4/1/2019,47.91,47.919998,47.095001,47.810001,46.55262,111448000
4/2/2019,47.772499,48.615002,47.762501,48.505001,47.229336,91062800
4/3/2019,48.3125,49.125,48.287498,48.837502,47.553089,93087200
4/4/2019,48.697498,49.092499,48.285,48.922501,47.635853,76457200
4/5/2019,49.112499,49.275002,48.982498,49.25,47.954742,74106400
4/8/2019,49.105,50.057499,49.084999,50.025002,48.709358,103526800
4/9/2019,50.080002,50.712502,49.807499,49.875,48.563305,143072800
4/10/2019,49.669998,50.185001,49.544998,50.154999,48.835938,86781200
4/11/2019,50.212502,50.25,49.610001,49.737499,48.42942,83603200
4/12/2019,49.799999,50.035,49.052502,49.717499,48.409939,111042800
4/15/2019,49.645,49.962502,49.502499,49.807499,48.497578,70146400
4/16/2019,49.865002,50.342499,49.639999,49.8125,48.502449,102785600
4/17/2019,49.884998,50.845001,49.6525,50.782501,49.446938,115627200
4/18/2019,50.779999,51.037498,50.630001,50.965,49.624638,96783200
4/22/2019,50.7075,51.235001,50.584999,51.1325,49.787735,77758000
4/23/2019,51.107498,51.9375,50.974998,51.869999,50.505836,93292000
4/24/2019,51.84,52.119999,51.762501,51.790001,50.427944,70162400
4/25/2019,51.7075,51.939999,51.279999,51.32,49.970299,74172800
4/26/2019,51.224998,51.25,50.529999,51.075001,49.731747,74596400
4/29/2019,51.099998,51.4925,50.965,51.1525,49.807205,88818800
4/30/2019,50.764999,50.849998,49.7775,50.1675,48.84811,186139600
5/1/2019,52.470001,53.827499,52.307499,52.630001,51.24585,259309200
5/2/2019,52.459999,53.162498,52.032501,52.287498,50.912354,127985200
5/3/2019,52.7225,52.959999,52.557499,52.9375,51.545254,83569600
5/6/2019,51.072498,52.209999,50.875,52.119999,50.749264,129772400
5/7/2019,51.470001,51.855,50.2075,50.715,49.381214,155054800
5/8/2019,50.474998,51.334999,50.4375,50.724998,49.390953,105358000
5/9/2019,50.099998,50.419998,49.165001,50.18,48.860287,139634400
5/10/2019,49.355,49.712502,48.192501,49.294998,48.183395,164834800
5/13/2019,46.927502,47.369999,45.712502,46.43,45.383007,229722400
5/14/2019,46.602501,47.424999,46.352501,47.165001,46.101429,146118800
5/15/2019,46.567501,47.9375,46.505001,47.73,46.653694,106178800
5/16/2019,47.477501,48.1175,47.209999,47.52,46.448421,132125600
5/17/2019,46.732498,47.724998,46.689999,47.25,46.184517,131516400
5/20/2019,45.880001,46.087502,45.07,45.772499,44.740334,154449200
5/21/2019,46.305,47,46.174999,46.650002,45.598045,113459200
5/22/2019,46.165001,46.427502,45.637501,45.695,44.664574,118994400
5/23/2019,44.950001,45.134998,44.452499,44.915001,43.902168,146118800
5/24/2019,45.049999,45.535,44.654999,44.7425,43.733551,94858800
5/28/2019,44.73,45.147499,44.477501,44.557499,43.552731,111792800
5/29/2019,44.105,44.837502,44,44.345001,43.34502,113924800
5/30/2019,44.487499,44.807499,44.1675,44.575001,43.569836,84873600
5/31/2019,44.057499,44.497501,43.747501,43.767502,42.780552,108174400
6/3/2019,43.900002,44.48,42.567501,43.325001,42.348022,161584400
6/4/2019,43.860001,44.9575,43.630001,44.91,43.897285,123872000
6/5/2019,46.07,46.247501,45.285,45.634998,44.60593,119093600
6/6/2019,45.77,46.3675,45.537498,46.305,45.260822,90105200
6/7/2019,46.627499,47.98,46.442501,47.537498,46.465523,122737600
6/10/2019,47.952499,48.842499,47.904999,48.145,47.059334,104883600
6/11/2019,48.715,49,48.400002,48.702499,47.604263,107731600
6/12/2019,48.487499,48.9925,48.3475,48.547501,47.452755,73012800
6/13/2019,48.674999,49.197498,48.400002,48.537498,47.442978,86698400
6/14/2019,47.887501,48.397499,47.575001,48.185001,47.098431,75046000
6/17/2019,48.224998,48.740002,48.0425,48.4725,47.379444,58676400
6/18/2019,49.012501,50.072498,48.802502,49.612499,48.49374,106204000
6/19/2019,49.919998,49.970001,49.327499,49.467499,48.352005,84496800
6/20/2019,50.092499,50.1525,49.5075,49.865002,48.74054,86056000
6/21/2019,49.700001,50.212502,49.537498,49.695,48.574379,191202400
6/24/2019,49.634998,50.040001,49.5425,49.645,48.525513,72881600
6/25/2019,49.607498,49.814999,48.822498,48.892502,47.789982,84281200
6/26/2019,49.442501,50.247501,49.337502,49.950001,48.823624,104270000
6/27/2019,50.072498,50.392502,49.892502,49.935001,48.808968,83598800
6/28/2019,49.669998,49.875,49.262501,49.48,48.364223,124442400
7/1/2019,50.7925,51.122501,50.162498,50.387501,49.25127,109012000
7/2/2019,50.352501,50.782501,50.34,50.682499,49.539604,67740800
7/3/2019,50.82,51.110001,50.672501,51.102501,49.950142,45448000
7/5/2019,50.837502,51.27,50.724998,51.057499,49.906158,69062000
7/8/2019,50.202499,50.349998,49.602501,50.005001,48.877388,101354400
7/9/2019,49.799999,50.377499,49.702499,50.310001,49.17551,82312000
7/10/2019,50.462502,50.932499,50.389999,50.807499,49.661789,71588400
7/11/2019,50.827499,51.0975,50.427502,50.4375,49.300133,80767200
7/12/2019,50.612499,51,50.549999,50.825001,49.678898,70380800
7/15/2019,51.022499,51.467499,51,51.302502,50.14563,67789600
7/16/2019,51.147499,51.5275,50.875,51.125,49.972134,67467200
7/17/2019,51.012501,51.272499,50.817501,50.837502,49.691113,56430000
7/18/2019,51,51.470001,50.924999,51.415001,50.255596,74162400
7/19/2019,51.447498,51.625,50.59,50.647499,49.505394,83717200
7/22/2019,50.912498,51.807499,50.9025,51.805,50.636803,89111600
7/23/2019,52.115002,52.227501,51.822498,52.209999,51.032665,73420800
7/24/2019,51.9175,52.287498,51.7925,52.1675,50.991123,59966400
7/25/2019,52.2225,52.310001,51.682499,51.755001,50.587929,55638400
7/26/2019,51.869999,52.432499,51.785,51.935001,50.763874,70475600
7/29/2019,52.115002,52.66,52.110001,52.419998,51.237926,86693600
7/30/2019,52.189999,52.540001,51.827499,52.195,51.018002,135742800
7/31/2019,54.105,55.342499,52.825001,53.259998,52.05899,277125600
8/1/2019,53.474998,54.5075,51.685001,52.107498,50.932476,216071600
8/2/2019,51.3825,51.607498,50.407501,51.005001,49.854843,163448400
8/5/2019,49.497501,49.662498,48.145,48.334999,47.245045,209572000
8/6/2019,49.077499,49.517502,48.509998,49.25,48.139416,143299200
8/7/2019,48.852501,49.889999,48.455002,49.759998,48.637909,133457600
8/8/2019,50.049999,50.8825,49.8475,50.857498,49.710667,108038000
8/9/2019,50.325001,50.689999,49.822498,50.247501,49.301029,98478800
8/12/2019,49.904999,50.512501,49.787498,50.119999,49.17593,89927600
8/13/2019,50.255001,53.035,50.119999,52.2425,51.258453,188874000
8/14/2019,50.790001,51.610001,50.647499,50.6875,49.732746,146189600
8/15/2019,50.865002,51.285,49.9175,50.435001,49.485001,108909600
8/16/2019,51.07,51.790001,50.959999,51.625,50.65258,110481600
8/19/2019,52.654999,53.182499,52.5075,52.587502,51.596951,97654400
8/20/2019,52.720001,53.337502,52.580002,52.59,51.599403,107537200
8/21/2019,53.247501,53.412498,52.900002,53.16,52.158669,86141600
8/22/2019,53.297501,53.610001,52.6875,53.115002,52.114521,89014800
8/23/2019,52.357498,53.012501,50.25,50.66,49.705765,187272000
8/26/2019,51.465,51.797501,51.264999,51.622501,50.650127,104174400
8/27/2019,51.965,52.137501,50.8825,51.040001,50.078602,103493200
8/28/2019,51.025002,51.43,50.830002,51.3825,50.41465,63755200
8/29/2019,52.125,52.330002,51.665001,52.252499,51.268261,83962000
8/30/2019,52.540001,52.612499,51.799999,52.185001,51.202038,84573600
9/3/2019,51.607498,51.744999,51.055,51.424999,50.456348,80092000
9/4/2019,52.0975,52.369999,51.830002,52.297501,51.312416,76752400
9/5/2019,53,53.4925,52.877499,53.32,52.315651,95654800
9/6/2019,53.512501,53.605,53.127499,53.314999,52.310753,77449200
9/9/2019,53.709999,54.110001,52.767502,53.5425,52.533962,109237600
9/10/2019,53.465,54.195,52.927502,54.174999,53.154549,127111600
9/11/2019,54.517502,55.927502,54.432499,55.897499,54.844604,177158400
9/12/2019,56.200001,56.605,55.715,55.772499,54.721962,128906800
9/13/2019,55,55.197498,54.255001,54.6875,53.657398,159053200
9/16/2019,54.432499,55.032501,54.389999,54.974998,53.93948,84632400
9/17/2019,54.990002,55.205002,54.779999,55.174999,54.135715,73274800
9/18/2019,55.264999,55.712502,54.860001,55.692501,54.643471,101360000
9/19/2019,55.502499,55.939999,55.092499,55.240002,54.19949,88242400
9/20/2019,55.345001,55.639999,54.3675,54.432499,53.4072,221652400
9/23/2019,54.737499,54.959999,54.412498,54.68,53.650036,76662000
9/24/2019,55.2575,55.622501,54.297501,54.419998,53.394932,124763200
9/25/2019,54.637501,55.375,54.285,55.2575,54.21666,87613600
9/26/2019,55,55.235001,54.7075,54.9725,53.937027,75334000
9/27/2019,55.134998,55.240002,54.32,54.705002,53.674572,101408000
9/30/2019,55.224998,56.145,55.197498,55.9925,54.937817,103909600
10/1/2019,56.267502,57.055,56.049999,56.147499,55.089897,139223200
10/2/2019,55.764999,55.895,54.482498,54.740002,53.708908,138449200
10/3/2019,54.607498,55.240002,53.782501,55.205002,54.165146,114426000
10/4/2019,56.41,56.872501,55.9725,56.752499,55.683498,138478800
10/7/2019,56.567501,57.482498,56.459999,56.764999,55.695763,122306000
10/8/2019,56.455002,57.014999,56.0825,56.099998,55.043289,111820000
10/9/2019,56.7575,56.947498,56.41,56.7575,55.688404,74770400
10/10/2019,56.982498,57.610001,56.825001,57.522499,56.438995,113013600
10/11/2019,58.237499,59.41,58.077499,59.052502,57.940182,166795600
10/14/2019,58.724998,59.532501,58.6675,58.967499,57.856773,96427600
10/15/2019,59.0975,59.412498,58.720001,58.830002,57.72187,87360000
10/16/2019,58.342499,58.810001,58.299999,58.592499,57.488842,73903200
10/17/2019,58.772499,59.037498,58.380001,58.82,57.712055,67585200
10/18/2019,58.647499,59.395,58.572498,59.102501,57.989239,97433600
10/21/2019,59.380001,60.247501,59.330002,60.127499,58.994923,87247200
10/22/2019,60.290001,60.549999,59.904999,59.990002,58.860027,82293600
10/23/2019,60.525002,60.810001,60.305,60.794998,59.649857,75828800
10/24/2019,61.127499,61.200001,60.452499,60.895,59.747967,69275200
10/25/2019,60.790001,61.682499,60.720001,61.645,60.483841,73477200
10/28/2019,61.855,62.3125,61.68,62.262501,61.08971,96572800
10/29/2019,62.2425,62.4375,60.642502,60.822498,59.676834,142839600
10/30/2019,61.189999,61.325001,60.302502,60.814999,59.669479,124522000
10/31/2019,61.810001,62.2925,59.314999,62.189999,61.018581,139162000
11/1/2019,62.384998,63.982498,62.290001,63.955002,62.750336,151125200
11/4/2019,64.332497,64.462502,63.845001,64.375,63.162418,103272000
11/5/2019,64.262497,64.547501,64.080002,64.282501,63.071663,79897600
11/6/2019,64.192497,64.372498,63.842499,64.309998,63.098644,75864400
11/7/2019,64.684998,65.087502,64.527496,64.857498,63.826878,94940400
11/8/2019,64.672501,65.110001,64.212502,65.035004,64.001564,69986400
11/11/2019,64.574997,65.6175,64.57,65.550003,64.508377,81821200
11/12/2019,65.387497,65.697502,65.230003,65.489998,64.449341,87388800
11/13/2019,65.282501,66.195,65.267502,66.1175,65.066864,102734400
11/14/2019,65.9375,66.220001,65.525002,65.660004,64.616646,89182800
11/15/2019,65.919998,66.445,65.752502,66.440002,65.384239,100206400
11/18/2019,66.449997,66.857498,66.057503,66.775002,65.713921,86703200
11/19/2019,66.974998,67,66.347504,66.572502,65.514633,76167200
11/20/2019,66.385002,66.519997,65.099998,65.797501,64.751945,106234400
11/21/2019,65.922501,66.002502,65.294998,65.502502,64.461647,121395200
11/22/2019,65.647499,65.794998,65.209999,65.445,64.405029,65325200
11/25/2019,65.677498,66.610001,65.629997,66.592499,65.534302,84020400
11/26/2019,66.735001,66.790001,65.625,66.072502,65.022568,105207600
11/27/2019,66.394997,66.995003,66.327499,66.959999,65.895981,65235600
11/29/2019,66.650002,67,66.474998,66.8125,65.750816,46617600
12/2/2019,66.817497,67.0625,65.862503,66.040001,64.990601,94487200
12/3/2019,64.577499,64.8825,64.072502,64.862503,63.831802,114430400
12/4/2019,65.267502,65.827499,65.169998,65.434998,64.39521,67181600
12/5/2019,65.947502,66.472504,65.682503,66.394997,65.339958,74424400
12/6/2019,66.870003,67.75,66.824997,67.677498,66.602066,106075600
12/9/2019,67.5,67.699997,66.227501,66.730003,65.669647,128042400
12/10/2019,67.150002,67.517502,66.464996,67.120003,66.053444,90420400
12/11/2019,67.202499,67.775002,67.125,67.692497,66.616844,78756800
12/12/2019,66.945,68.139999,66.830002,67.864998,66.786598,137310400
12/13/2019,67.864998,68.824997,67.732498,68.787498,67.694435,133587600
12/16/2019,69.25,70.197502,69.245003,69.964996,68.853226,128186000
12/17/2019,69.892502,70.442497,69.699997,70.102501,68.988533,114158400
12/18/2019,69.949997,70.474998,69.779999,69.934998,68.8237,116028400
12/19/2019,69.875,70.294998,69.737503,70.004997,68.892586,98369200
12/20/2019,70.557503,70.662498,69.639999,69.860001,68.749893,275978000
12/23/2019,70.1325,71.0625,70.092499,71,69.871788,98572000
12/24/2019,71.172501,71.222504,70.730003,71.067497,69.93821,48478800
12/26/2019,71.205002,72.495003,71.175003,72.477501,71.325806,93121200
12/27/2019,72.779999,73.4925,72.029999,72.449997,71.298729,146266000
12/30/2019,72.364998,73.172501,71.305,72.879997,71.721901,144114400
12/31/2019,72.482498,73.419998,72.379997,73.412498,72.245941,100805600
